pdb_id,mut,mut_pdb,site,site_pdb,wt_aa,mut_aa,loc,wt_aa_is_polar,mut_aa_is_polar,involves_polar,ddg,beta16_cart,beta16_cart_plus_hpsc_lj_changes
1PPF,NI36D,NI36D,36,36,N,D,RIM,True,True,True,-3.0349663010122985,0.4149999999999636,0.27499999999997726
1CBW,KI15Y,KI15Y,15,15,K,Y,COR,True,False,True,-2.613455756620029,-5.95799999999997,-6.911000000000058
1CBW,KI15W,KI15W,15,15,K,W,COR,True,False,True,-2.434919344692224,-1.032000000000039,-0.9510000000000218
3QDJ,DD26W,DD26W,26,26,D,W,COR,True,False,True,-2.170668744178351,-24.800666665658355,-25.240000000223517
1JTG,DB163K,DB163K,163,163,D,K,RIM,True,True,True,-1.9816735296145698,-1.3873333333333164,-1.7973333333333699
1PPF,PI14W,PI14W,14,14,P,W,RIM,False,False,False,-1.9770150983849177,-7.124000000000137,-7.529999999999973
3SGB,KI7T,KI13T,7,13,K,T,COR,True,True,True,-1.9218088907516915,0.5996666666666215,0.8530000000001792
1PPF,PI14H,PI14H,14,14,P,H,RIM,False,True,True,-1.7408521759698932,-0.6816666666666151,-0.7086666666666588
1JTG,YB50A,YB50A,50,50,Y,A,COR,False,False,False,-1.7063649968833472,1.0673333333333517,1.0560000000000116
3SGB,AI9Y,AI15Y,9,15,A,Y,COR,False,False,False,-1.6242722857972787,1.2519999999999527,1.8636666666665178
3NCB,AA167H,AA180H,167,180,A,H,COR,False,True,True,-1.4872105360575831,1.4966666666670108,1.2989999999999782
1PPF,NI36S,NI36S,36,36,N,S,RIM,True,True,True,-1.3275753530422296,0.9233333333334031,1.304666666666776
1FSS,HB29R,HB29R,29,29,H,R,RIM,True,True,True,-1.2723704750054488,-2.3376666666667916,-2.6153333333334103
1CHO,NI33D,NI36D,33,36,N,D,COR,True,True,True,-1.0255485538833522,-2.9513333333331957,-1.7960000000000491
3SGB,PI8D,PI14D,8,14,P,D,RIM,False,True,True,-1.0186707322961492,0.13066666666679794,0.17199999999991178
1PPF,NI36E,NI36E,36,36,N,E,RIM,True,True,True,-1.0041270632041837,0.8139999999999645,0.7106666666667252
1LFD,DA38K,DA51K,38,51,D,K,RIM,True,True,True,-0.9935682540138124,0.36133333333327755,1.210333333333324
1R0R,PI9C,PI14C,9,14,P,C,RIM,False,False,False,-0.9728880351807341,-1.1483333333334258,-0.9340000000000828
1JTG,NA75A,NA100A,75,100,N,A,RIM,True,False,True,-0.9610969645559715,-2.9663333333333526,-2.707333333333338
1PPF,PI14Y,PI14Y,14,14,P,Y,RIM,False,False,False,-0.9491719456529939,-1.7850000000000819,-2.178000000000111
1CHO,GI29A,GI32A,29,32,G,A,SUP,False,False,False,-0.9187102323673688,0.36133333333339124,0.5419999999999163
2BDN,NL31R,NL31R,31,31,N,R,RIM,True,True,True,-0.917092618520277,-0.3483333333333576,-1.0256666666668934
2WPT,NA31V,NA34V,31,34,N,V,COR,True,False,True,-0.8965543978111405,-1.6976666666664642,-1.3723333333334722
1B41,HB29K,HB29K,29,29,H,K,RIM,True,True,True,-0.8874620732869882,-2.852333333333263,-2.6986666666671226
1PPF,RI21L,RI21L,21,21,R,L,RIM,True,False,True,-0.8465955399909912,-0.9466666666666015,-0.9510000000001355
1CHO,PI11D,PI14D,11,14,P,D,RIM,False,True,True,-0.8394564694249045,-3.9279999999999973,-3.7293333333333294
3N85,WH30K,WH30K,30,30,W,K,RIM,False,True,True,-0.7845227861304664,-0.3123333333314804,2.0790000000015425
1CHO,PI11N,PI14N,11,14,P,N,RIM,False,True,True,-0.7690944766133505,0.3509999999998854,0.39800000000002456
1BJ1,NH31H,NH31H,31,31,N,H,COR,True,True,True,-0.7625720083178553,-2.699333333332106,2.3659999999999854
1AO7,GD28T,GD28T,28,28,G,T,COR,False,True,True,-0.7588126886028332,-3.1810000000023138,-1.5869999999995343
1LFD,SB39A,SB239A,39,239,S,A,COR,True,False,True,-0.7505816622452564,-5.083000000000084,-2.952333333333229
1PPF,RI21M,RI21M,21,21,R,M,RIM,True,False,True,-0.7490062189206306,-2.15099999999984,-1.9679999999998472
1CHO,PI11Q,PI14Q,11,14,P,Q,RIM,False,True,True,-0.7175742344818996,0.4099999999998545,0.6876666666668143
1CHO,PI11E,PI14E,11,14,P,E,RIM,False,True,True,-0.7100363492516699,-1.6299999999998818,-1.3979999999997972
1LFD,DA45K,DA58K,45,58,D,K,SUR,True,True,True,-0.7037999534610417,-1.2806666666666615,-1.5366666666666902
2BDN,TL56E,TL56E,56,56,T,E,RIM,True,True,True,-0.6887318364069994,-0.6369999999999436,-1.4880000000000564
1MHP,SL27Q,SL28Q,27,28,S,Q,RIM,True,True,True,-0.6875339173602418,-0.07533333333321934,0.8663333333324772
1LFD,MA17K,MA30K,17,30,M,K,RIM,False,True,True,-0.6607836997897207,7.858999999999924,2.9409999999999172
2JEL,HP76D,HP76D,76,76,H,D,RIM,True,True,True,-0.6505169000398912,1.2819999999999254,1.081666666666706
1LFD,NA41K,NA54K,41,54,N,K,RIM,True,True,True,-0.6345441014034154,3.220666666666716,3.0850000000000932
1PPF,KI13R,KI13R,13,13,K,R,RIM,True,True,True,-0.6318955439298417,0.06933333333324754,0.06833333333327118
1PPF,PI14N,PI14N,14,14,P,N,RIM,False,True,True,-0.6318955439298417,0.5236666666665997,0.0923333333332721
1R0R,PI9A,PI14A,9,14,P,A,RIM,False,False,False,-0.6299831524142263,-2.537666666666837,-2.5179999999998017
1FSS,HB29K,HB29K,29,29,H,K,RIM,True,True,True,-0.6193451767061031,-0.2670000000002801,-0.555000000000291
3SGB,PI8E,PI14E,8,14,P,E,RIM,False,True,True,-0.6146833364998034,0.1410000000000764,0.15799999999990177
1CBW,KI15R,KI15R,15,15,K,R,COR,True,True,True,-0.6139017382824647,-0.5570000000000164,-0.4350000000001728
4NKQ,NC14D,NC27D,14,27,N,D,SUR,True,True,True,-0.601552985103389,0.18533333333471091,1.126333333337243
1A22,QA29A,QA29A,29,29,Q,A,SUR,True,False,True,-0.58872262160601,0.020000000004074536,0.3790000000008149
1R0R,KI8H,KI13H,8,13,K,H,COR,True,True,True,-0.5850242053254036,-0.41966666666655783,-1.0206666666666706
1IAR,FA82D,FA82D,82,82,F,D,SUP,False,True,True,-0.5802873562109045,2.35166666666737,3.927000000001499
1C4Z,MA174A,MA670A,174,670,M,A,RIM,False,False,False,-0.5729316591342393,0.25566666666668425,0.19433333333336122
1CHO,KI10Q,KI13Q,10,13,K,Q,RIM,True,True,True,-0.564890689299391,0.1833333333331666,0.2673333333332266
1PPF,NI36G,NI36G,36,36,N,G,RIM,True,False,True,-0.5635564412888474,1.412666666666837,1.50100000000009
1AO7,VA67A,VA67A,67,67,V,A,INT,False,False,False,-0.5578960606253371,-0.01866666666683159,0.12866666666741366
1CHO,PI11T,PI14T,11,14,P,T,RIM,False,True,True,-0.5419788115309334,0.19466666666676247,0.22699999999997544
1FSS,NB47R,NB47R,47,47,N,R,RIM,True,True,True,-0.5346114465645275,-1.1059999999999945,-2.004000000000133
1BRS,DA52A,DA54A,52,54,D,A,INT,True,False,True,-0.5278227720595314,-1.1869999999998981,-0.15933333333339306
1R0R,KI8Q,KI13Q,8,13,K,Q,COR,True,True,True,-0.5234749100094458,-0.5553333333334649,-0.356666666666797
1VFB,GB31E,GB31E,31,31,G,E,COR,False,True,True,-0.5097089173549492,0.5636666666669043,0.41266666666683705
1AO7,SD94T,SD100T,94,100,S,T,COR,True,True,True,-0.49321534447462856,-0.6899999999986903,-2.1749999999974534
1JTG,VA190A,VA216A,190,216,V,A,COR,False,False,False,-0.492651008638326,14.081666666666706,12.187999999999874
1PPF,PI14D,PI14D,14,14,P,D,RIM,False,True,True,-0.48578405735494634,0.6486666666667134,0.6576666666665005
1LFD,NA79K,NA92K,79,92,N,K,SUR,True,True,True,-0.48198650321649694,-2.572333333333404,-3.4636666666665406
1JTG,VB93K,VB93K,93,93,V,K,SUR,False,True,True,-0.475454704785621,0.006000000000000227,-0.0076666666666938
2WPT,SB70A,SB77A,70,77,S,A,COR,True,False,True,-0.45688978422742554,-0.5629999999998745,-0.6233333333332212
1JTG,NB89K,NB89K,89,89,N,K,SUR,True,True,True,-0.4546762219510523,-0.0020000000000095497,-0.0030000000000143245
3SGB,AI9H,AI15H,9,15,A,H,COR,False,True,True,-0.4468595167257732,2.3059999999999263,3.383000000000038
3SE9,TH105A,TH99A,105,99,T,A,SUP,True,False,True,-0.44189421551796215,3.994333333332179,4.9443333333329065
1C4Z,ED90A,ED93A,90,93,E,A,SUR,True,False,True,-0.43460223176353807,4.419666666666217,4.183333333333394
1A22,FA25A,FA25A,25,25,F,A,COR,False,False,False,-0.4235877783566628,1.8693333333358169,1.9536666666608653
1CHO,KI10S,KI13S,10,13,K,S,RIM,True,True,True,-0.42068046269350745,-0.09466666666662604,0.3216666666666015
3SE4,HC172A,HC187A,172,187,H,A,COR,True,False,True,-0.4104304674362371,-0.09166666667442769,0.38166666665347293
1B41,HB29R,HB29R,29,29,H,R,RIM,True,True,True,-0.4091719632430344,-2.124999999998181,-1.658000000001266
1A22,EA65A,EA65A,65,65,E,A,RIM,True,False,True,-0.39350797595954035,-3.3139999999984866,0.8253333333414048
1BJ1,SH105T,SH105T,105,105,S,T,RIM,True,True,True,-0.3903564772487247,0.008333333329574089,-0.3540000000029977
1C4Z,DA145A,DA641A,145,641,D,A,COR,True,False,True,-0.38720686343963795,-2.138333333333094,-0.9736666666669862
1KNE,DA40K,DA62K,40,62,D,K,RIM,True,True,True,-0.37658548448284535,1.9026666666666188,1.7019999999998845
1AO7,GE97S,GE100S,97,100,G,S,COR,False,True,True,-0.3263177105416655,-0.22933333333457995,1.1869999999980791
1KNE,TP2K,TP6K,2,6,T,K,RIM,True,True,True,-0.3141987837884388,0.09600000000023101,0.4993333333333112
3SGB,PI8Q,PI14Q,8,14,P,Q,RIM,False,True,True,-0.31161541585011854,0.8650000000001228,0.9029999999999063
3BT1,AU242S,AU244S,242,244,A,S,SUR,False,True,True,-0.3101940024074583,0.0030000000006111804,0.004333333336035139
4G0N,VA45A,VA45A,45,45,V,A,SUR,False,False,False,-0.30028469914613964,0.07199999999966167,0.5516666666669607
1LFD,LA42K,LA55K,42,55,L,K,INT,False,True,True,-0.28534346645746034,1.1860000000000355,-0.01599999999996271
1CHO,AI12N,AI15N,12,15,A,N,COR,False,True,True,-0.28487375297912365,2.009999999999877,1.9400000000001683
1AO7,GD28I,GD28I,28,28,G,I,COR,False,False,False,-0.2794303035358068,-2.934000000001106,-2.301000000001295
4RS1,IB175A,IB196A,175,196,I,A,INT,False,False,False,-0.27582902299895906,0.25833333333866904,0.40600000000631553
3SGB,RI15K,RI21K,15,21,R,K,RIM,True,True,True,-0.2739134316490155,-0.9366666666666106,0.3463333333334049
1JTG,GA212S,GA238S,212,238,G,S,SUP,False,True,True,-0.26763214338148167,1.1956666666666536,1.1220000000000425
1PPF,PI14T,PI14T,14,14,P,T,RIM,False,True,True,-0.2604885206391625,-0.045333333333360315,-0.04166666666662877
1PPF,AI15R,AI15R,15,15,A,R,COR,False,True,True,-0.2604885206391625,0.9336666666667952,1.2023333333332857
1LFD,LA10K,LA23K,10,23,L,K,INT,False,True,True,-0.25849828713926737,0.8706666666665797,0.46966666666651236
1A22,NB56A,NB297A,56,297,N,A,SUR,True,False,True,-0.25507776497416046,0.15166666666482342,-1.6903333333466435
3BT1,NU257A,NU259A,257,259,N,A,INT,True,False,True,-0.22976411869697166,-0.0026666666653909488,0.03233333333628252
3BT1,GU156A,GU158A,156,158,G,A,INT,False,False,False,-0.22976411869697166,-0.02200000000084401,-0.10800000000199361
1BJ1,TH28D,TH28D,28,28,T,D,SUR,True,True,True,-0.2200124424161416,0.31700000000091677,-0.3163333333322953
4BFI,QB26K,QB27K,26,27,Q,K,SUR,True,True,True,-0.21971645340723,-18.609000001102686,-18.665999999269843
1A22,LA73A,LA73A,73,73,L,A,INT,False,False,False,-0.20624144965026048,0.030333333335875068,0.23533333333034534
1CHO,PI11W,PI14W,11,14,P,W,RIM,False,False,False,-0.2055127730269355,1.6403333333335013,1.3590000000000373
1R0R,NI31E,NI36E,31,36,N,E,RIM,True,True,True,-0.20214994100062,-0.028666666666822493,-0.11966666666683068
1AO7,VA152A,VA152A,152,152,V,A,SUP,False,False,False,-0.1941421001888184,1.4996666666684177,-0.8016666666644596
3BT1,EU42A,EU42A,42,42,E,A,RIM,True,False,True,-0.19336532954565122,0.2906666666640376,0.7223333333313349
1LFD,EA44K,EA57K,44,57,E,K,SUR,True,True,True,-0.1929202836199746,-0.12400000000002365,1.1219999999997299
3SGB,EI13M,EI19M,13,19,E,M,RIM,True,False,True,-0.18685012508619891,-4.85566666666648,-5.360999999999876
1PPF,AI15Y,AI15Y,15,15,A,Y,COR,False,False,False,-0.18248241875855342,-0.2146666666666306,3.0463333333333367
1JTG,EA143G,EA168G,143,168,E,G,RIM,True,False,True,-0.1703440348325831,0.18199999999998795,0.11433333333329188
3S9D,EA103A,EA132A,103,132,E,A,SUR,True,False,True,-0.16947651795240878,0.028333333328191657,-0.0013333333190530539
1GC1,TC45A,TC45A,45,45,T,A,COR,True,False,True,-0.1488098071602586,1.822666666666919,-0.8103333333419869
1CHO,GI29S,GI32S,29,32,G,S,SUP,False,True,True,-0.13565488897670797,2.3616666666664514,1.981333333333282
1C4Z,TA166A,TA662A,166,662,T,A,COR,True,False,True,-0.1321290984654775,-0.01899999999955071,-3.076666666666597
1VFB,DB58N,DB58N,58,58,D,N,RIM,True,True,True,-0.12816837466769826,0.2306666666665933,-0.06233333333352675
3SGB,NI30H,NI36H,30,36,N,H,RIM,True,True,True,-0.12305830110467397,-0.03866666666647234,0.557999999999879
1IAR,EA19R,EA19R,19,19,E,R,SUR,True,True,True,-0.11679519969837493,-0.05266666666466335,-0.15300000000206637
3MZG,HA125A,HA138A,125,138,H,A,INT,True,False,True,-0.11438802410188782,6.245666666666807,-4.538333333333071
3BT1,YU147A,YU149A,147,149,Y,A,SUR,False,False,False,-0.11123063934611999,-0.5449999999982538,-0.43633333333127666
1CHO,PI11H,PI14H,11,14,P,H,RIM,False,True,True,-0.11096763810536459,1.884666666666817,2.2653333333333876
3SGB,PI8T,PI14T,8,14,P,T,RIM,False,True,True,-0.10716132016983337,0.10700000000008458,0.16399999999987358
3QDJ,GD28I,GD28I,28,28,G,I,COR,False,False,False,-0.10520964475290384,-21.617000000551343,-21.03666666522622
1IAR,SA16D,SA16D,16,16,S,D,SUR,True,True,True,-0.10358738072446627,-1.6956666666683304,-4.240333333331364
3BT1,DU161A,DU163A,161,163,D,A,INT,True,False,True,-0.09610794494151875,0.01900000000023283,0.06899999999768625
1C4Z,IA163A,IA659A,163,659,I,A,SUP,False,False,False,-0.0893061544069802,-1.5910000000001219,0.17866666666623132
1MHP,NL51E,NL52E,51,52,N,E,SUR,True,True,True,-0.08867576245063624,0.0836666666673409,-0.43166666666547826
1EAW,RA219A,RA222A,219,222,R,A,SUR,True,False,True,-0.0885031964854246,0.2619999999999436,0.09300000000007458
1PPF,LI18C,LI18C,18,18,L,C,COR,False,False,False,-0.0882731148321465,4.573666666666668,4.099333333333448
3QHY,SB129A,SB169A,129,169,S,A,RIM,True,False,True,-0.08473373014157914,-0.12600000000065847,-0.07799999999951979
1A22,TB32A,TB273A,32,273,T,A,RIM,True,False,True,-0.08412149939754048,0.19333333332906477,0.2926666666608071
3NPS,RA219A,RA222A,219,222,R,A,SUR,True,False,True,-0.08389323887199573,0.0006666666663477372,0.5753333333332193
1IAR,NA15D,NA15D,15,15,N,D,SUR,True,True,True,-0.07802401528660674,0.17866666666668607,-0.1796666666650708
1MHP,KH64Q,KH64Q,64,64,K,Q,SUR,True,True,True,-0.07760669754291616,2.7470000000002983,0.6186666666681049
3BT1,QU219A,QU221A,219,221,Q,A,INT,True,False,True,-0.0669923281767364,-0.001666666665187222,0.0019999999985884642
3BT1,YU193A,YU195A,193,195,Y,A,INT,False,False,False,-0.0669923281767364,0.02899999999863212,0.042666666666264064
1A22,EB164A,EB409A,164,409,E,A,INT,True,False,True,-0.06238670069440566,0.9029999999911524,-0.06799999999930151
3N0P,AA17H,AA30H,17,30,A,H,SUP,False,True,True,-0.061998402135440146,1.0440000000000964,0.6013333333332866
1MHP,LH60D,LH60D,60,60,L,D,INT,False,True,True,-0.06131361869326124,-0.5136666666685414,0.9996666666656893
2NYY,MD33Q,MD34Q,33,34,M,Q,INT,False,True,True,-0.059863695223780766,-0.24600000000100408,1.1699999999982538
3NPS,QA168A,QA174A,168,174,Q,A,RIM,True,False,True,-0.05921775184311251,-0.08033333333332848,-0.32566666666707533
3BN9,TD102R,TD98R,102,98,T,R,RIM,True,True,True,-0.0582889265546207,-0.12000000000261934,-0.09400000000096043
3NGB,AH57G,AH56G,57,56,A,G,COR,False,False,False,-0.05602457962693386,-0.4690000005066395,-0.46899999864399433
1VFB,TB30A,TB30A,30,30,T,A,RIM,True,False,True,-0.055843805392589374,-0.02733333333333121,-0.0016666666668925245
1A22,SA173A,SA184A,173,184,S,A,SUR,True,False,True,-0.05469664455589651,0.3143333333355258,0.010999999998603016
1R0R,RI16N,RI21N,16,21,R,N,RIM,True,True,True,-0.049747318160623166,0.5546666666665487,2.1083333333333485
3HFM,NY19Q,NY19Q,19,19,N,Q,RIM,True,True,True,-0.0424814314084454,-0.8493333333332771,0.1413333333333071
3N85,WL94Y,WL94Y,94,94,W,Y,COR,False,False,False,-0.038714831711274655,6.243000000002212,4.877333333326533
3BT1,TU226A,TU228A,226,228,T,A,INT,True,False,True,-0.025879416102876363,-0.013999999995576218,0.7160000000003492
3BT1,DU11A,DU11A,11,11,D,A,RIM,True,False,True,-0.025879416102876363,-0.8386666666683595,-1.0573333333340997
1A22,TB36A,TB277A,36,277,T,A,SUR,True,False,True,-0.025444373594091907,-0.1786666666594101,-0.747333333340066
3MZG,HA14A,HA27A,14,27,H,A,RIM,True,False,True,-0.01917249740121214,1.2356666666665888,0.6153333333332967
1PPF,RI21Q,RI21Q,21,21,R,Q,RIM,True,True,True,-0.018087451028872437,1.6896666666666533,1.4500000000001592
1PPF,RI21T,RI21T,21,21,R,T,RIM,True,True,True,-0.018087451028872437,1.2913333333333412,-0.07466666666675792
1IAR,KA12S,KA12S,12,12,K,S,COR,True,True,True,-0.014803921069685089,1.5650000000005093,1.3136666666650854
3BT1,PU186A,PU188A,186,188,P,A,SUR,False,False,False,-0.012795921681510336,0.005000000001018634,-0.005999999997584382
1A22,KB122A,KB367A,122,367,K,A,RIM,True,False,True,-0.008838357828983234,0.08799999999610009,-0.5483333333249902
2AJF,KE22R,KE344R,22,344,K,R,SUR,True,True,True,-0.00735569707666528,0.0029999999997016857,-0.010333333334529016
3C60,VC73A,VC73A,73,73,V,A,INT,False,False,False,0.0,10.278666669502854,7.447999998927116
2JEL,TP62N,TP62N,62,62,T,N,INT,True,True,True,0.0,0.05033333333358314,-0.1603333333334831
4P23,ND9A,ND-17A,9,17,N,A,INT,True,False,True,0.0,3.3783333338797092,3.4823333341628313
1BP3,LA15A,LA15A,15,15,L,A,SUR,False,False,False,0.0,-1.0146666666660167,-1.6180000000058499
2JEL,RP17K,RP17K,17,17,R,K,SUR,True,True,True,0.0,-0.005333333333510382,0.37166666666621495
2JEL,AP82S,AP82S,82,82,A,S,SUR,False,True,True,0.0,-0.02833333333342125,-0.048000000000456566
1MHP,FH99W,FH99W,99,99,F,W,SUR,False,False,False,0.0,-0.6650000000008731,-0.48099999999976717
4I77,YL32F,YL28F,32,28,Y,F,RIM,False,False,False,0.0,0.8923333333327719,0.977666666667119
2JEL,EP85K,EP85K,85,85,E,K,SUR,True,True,True,0.0,0.13500000000021828,0.6710000000000491
3HFM,TY89A,TY89A,89,89,T,A,RIM,True,False,True,0.0,1.3269999999999982,1.5439999999999259
2JEL,EP85D,EP85D,85,85,E,D,SUR,True,True,True,0.0,0.1813333333332139,0.9843333333330975
1OGA,QE54E,QE58E,54,58,Q,E,COR,True,True,True,0.0,2.4620000000002165,4.871666666666897
3HFM,IY98A,IY98A,98,98,I,A,SUP,False,False,False,0.0,0.35533333333330575,0.4376666666666438
2JEL,PP11E,PP11E,11,11,P,E,SUR,False,True,True,0.0,0.004000000000132786,0.004333333333306655
3BN9,IB26A,IB41A,26,41,I,A,COR,False,False,False,0.0,0.02566666666734818,-0.13300000000072032
2JEL,TP7S,TP7S,7,7,T,S,SUR,True,True,True,0.0,-0.27766666666684614,0.02599999999983993
1A22,VA169A,VA180A,169,180,V,A,INT,False,False,False,0.0,-0.25566666667873506,0.22533333333558403
1VFB,SB28D,SB28D,28,28,S,D,SUR,True,True,True,0.0,-0.16266666666672336,0.13666666666676974
1XD3,KB33R,KB33R,33,33,K,R,SUR,True,True,True,0.0,-0.038000000000010914,-0.012000000000170985
1XD3,HB68N,HB68N,68,68,H,N,COR,True,True,True,0.0,-0.37399999999990996,-0.46633333333329574
2SIC,MI67R,MI73R,67,73,M,R,COR,False,True,True,0.0,3.5849999999996953,3.8426666666669007
3SE3,LA116A,LA131A,116,131,L,A,COR,False,False,False,0.0,3.3663333333242917,3.803666666673962
2BNR,KA68A,KA68A,68,68,K,A,COR,True,False,True,0.005525321585156284,-10.826999999582767,-10.699666667729616
2NYY,DA1030A,DA1058A,1030,1058,D,A,RIM,True,False,True,0.009335942052970836,-1.8189894035458565e-12,-1.8189894035458565e-12
3BT1,NU198Q,NU200Q,198,200,N,Q,SUR,True,True,True,0.012520719123797264,-0.008666666670251288,-0.001999999996769475
1PPF,AI15L,AI15L,15,15,A,L,COR,False,False,False,0.017544201412846405,1.3783333333333303,1.9926666666666506
3N06,AA14H,AA27H,14,27,A,H,SUP,False,True,True,0.01917249740121214,-0.5903333333333194,-0.00666666666677429
3BT1,GU197A,GU199A,197,199,G,A,INT,False,False,False,0.02477782447809318,-0.009333333333415794,-0.017999999998210114
3BK3,LC2R,LC1R,2,1,L,R,RIM,False,True,True,0.02632104436401761,2.206000000000003,2.5949999999999704
3NPS,QA23A,QA38A,23,38,Q,A,SUR,True,False,True,0.02632104436401761,-0.024000000000114596,-0.03333333333330302
1CHO,NI33V,NI36V,33,36,N,V,COR,True,False,True,0.03240264874402854,-1.498666666666736,-0.6983333333332666
1A22,SB174A,SB419A,174,419,S,A,COR,True,False,True,0.033844982953393554,-1.2310000000070431,2.704666666664707
1JTD,VA190A,VA216A,190,216,V,A,COR,False,False,False,0.037958460284105655,-0.08866666666654055,0.9656666666667206
3S9D,HB84A,HB97A,84,97,H,A,RIM,True,False,True,0.043740257952261885,-0.20466666665743105,0.7683333333479823
3BT1,EU68A,EU68A,68,68,E,A,SUP,True,False,True,0.04854402228983368,1.1246666666684177,0.48933333333116025
3BT1,PU229A,PU231A,229,231,P,A,SUR,False,False,False,0.04854402228983368,0.014333333332615439,0.08300000000235741
3BT1,EU37A,EU37A,37,37,E,A,SUR,True,False,True,0.04854402228983368,-0.7340000000040163,-0.3709999999991851
1A22,WB39A,WB280A,39,280,W,A,RIM,False,False,False,0.049651639433109906,-0.13000000001193257,-1.2519999999858555
3SGB,PI8G,PI14G,8,14,P,G,RIM,False,False,False,0.05300180011552591,0.76400000000001,-0.1530000000001337
1A22,RA156A,RA167A,156,167,R,A,COR,True,False,True,0.05972764382220053,2.543999999987136,2.1913333333213814
3BT1,TU265A,TU267A,265,267,T,A,SUR,True,False,True,0.06007293367802369,0.007666666670047562,-0.006666666666205856
3MZG,HA17A,HA30A,17,30,H,A,SUP,True,False,True,0.061998402135440146,-1.069666666666535,-1.5366666666666333
2NYY,YD30D,YD31D,30,31,Y,D,RIM,False,True,True,0.06461818852076817,0.2243333333353803,-2.368333333333794
3SGB,PI8S,PI14S,8,14,P,S,RIM,False,True,True,0.06480377727085873,0.22166666666669244,0.2939999999999827
1CHO,AI12S,AI15S,12,15,A,S,COR,False,True,True,0.0650924631148353,2.673666666666577,2.8106666666668616
1CHO,AI12G,AI15G,12,15,A,G,COR,False,False,False,0.0650924631148353,2.105666666666707,2.17966666666689
3NGB,IH30T,IH30T,30,30,I,T,COR,False,True,True,0.07338626157816464,-6.7723333314061165,-6.8360000010579824
1VFB,SB28Q,SB28Q,28,28,S,Q,SUR,True,True,True,0.07807307498256222,0.10400000000015552,0.2226666666666688
3MZG,HA84A,HA97A,84,97,H,A,INT,True,False,True,0.0793176968583813,0.16999999999995907,-0.008666666666726996
4OFY,MA36A,MA56A,36,56,M,A,SUP,False,False,False,0.0840642829249898,-2.1046666666588862,-2.3673333333354094
1C4Z,ED57A,ED60A,57,60,E,A,COR,True,False,True,0.08788334395066233,1.1319999999998345,2.3723333333330174
4P5T,VD12A,VD-14A,12,14,V,A,SUR,False,False,False,0.09127662544339543,-149.84133333340287,-5075.084666667506
2AK4,YD32A,YD31A,32,31,Y,A,SUP,False,False,False,0.09891706693526192,0.6483333334326744,0.5313333328813314
1MI5,SD23A,SD25A,23,25,S,A,SUR,True,False,True,0.10000921480098768,0.011999999999943611,0.005999999999858119
1GUA,VB14A,VB69A,14,69,V,A,COR,False,False,False,0.10030129416894518,1.3910000000000764,0.9849999999999568
1A4Y,WA261A,WA261A,261,261,W,A,COR,False,False,False,0.10060163706151215,2.8270000000002256,2.536666666666406
1A4Y,EA287A,EA287A,287,287,E,A,SUR,True,False,True,0.10060163706151215,1.2703333333331557,-1.6233333333332212
1A22,QA46A,QA46A,46,46,Q,A,RIM,True,False,True,0.10795733413817743,1.8396666666594683,1.4086666666553356
1A22,SA55A,SA55A,55,55,S,A,INT,True,False,True,0.11085282157048582,-0.8256666666711681,-0.42066666665050434
4NKQ,RC10D,RC23D,10,23,R,D,COR,True,True,True,0.11135061563090964,0.5403333333342744,-0.907999999995809
3SGB,PI8K,PI14K,8,14,P,K,RIM,False,True,True,0.11246101091211891,0.7580000000000382,-0.1870000000001255
4RS1,KA91E,KA111E,91,111,K,E,RIM,True,True,True,0.1163043138453368,0.4126666666670644,-0.9416666666693345
3SZK,NC35A,NC120A,35,120,N,A,SUR,True,False,True,0.11882354086003666,0.06099999999992178,0.004000000000132786
3BT1,AU248S,AU250S,248,250,A,S,SUR,False,True,True,0.1248274974084822,0.10733333333337214,0.052999999999883585
2NYY,YD30Q,YD31Q,30,31,Y,Q,RIM,False,True,True,0.1289611906184973,0.06500000000050932,0.7090000000007421
2BDN,NH28D,NH28D,28,28,N,D,RIM,True,True,True,0.1321290984654766,-0.04566666666664787,0.11066666666670244
1R0R,KI8R,KI13R,8,13,K,R,COR,True,True,True,0.13431609750337614,-3.3333333333332575,-3.050333333333242
1R0R,PI9S,PI14S,9,14,P,S,RIM,False,True,True,0.13431609750337614,0.631333333333373,0.7723333333332221
1LFD,YA80K,YA93K,80,93,Y,K,SUR,False,True,True,0.13819533354347113,-0.4143333333333885,-0.13399999999978718
1CHO,AI12M,AI15M,12,15,A,M,COR,False,False,False,0.13873575158820728,-0.9339999999999691,-1.0736666666666679
3N85,WL91F,WL91F,91,91,W,F,SUP,False,False,False,0.1395773224584982,4.807666666667501,2.2783333333354676
1CBW,FI33A,FI33A,33,33,F,A,INT,False,False,False,0.14136075703407336,0.04933333333326573,-0.3039999999999736
2SIC,MI67G,MI73G,67,73,M,G,COR,False,False,False,0.1451433805852389,5.733333333333462,3.95900000000006
1A22,LA15A,LA15A,15,15,L,A,SUR,False,False,False,0.15266731917461662,-0.40599999998812564,-0.1483333333162591
3BT1,EU39A,EU39A,39,39,E,A,RIM,True,False,True,0.15468999176126275,0.1396666666641977,-0.08233333332827897
1R0R,LI13T,LI18T,13,18,L,T,COR,False,True,True,0.15753152321319241,6.0416666666667425,5.44600000000014
3S9D,NA79A,NA93A,79,93,N,A,SUR,True,False,True,0.17034403483258487,-0.0010000000038417056,-0.004333333323302213
3BT1,TU8A,TU8A,8,8,T,A,COR,True,False,True,0.1737799315004036,1.935333333331073,0.9949999999989814
3BT1,NU170Q,NU172Q,170,172,N,Q,SUR,True,True,True,0.1737799315004036,0.3733333333329938,-0.873666666666395
3NGB,KH52N,KH52N,52,52,K,N,COR,True,True,True,0.17495204252397478,-4.1646666675806046,-4.052000001072884
1CHO,YI17F,YI20F,17,20,Y,F,COR,False,False,False,0.1785141353189239,1.0193333333335204,0.5293333333331702
1CHO,KI10E,KI13E,10,13,K,E,RIM,True,True,True,0.1785141353189239,-0.8289999999999509,-0.9683333333334758
1R0R,RI16Q,RI21Q,16,21,R,Q,RIM,True,True,True,0.17985951487606933,-0.634666666666476,-0.9939999999998008
3BT1,YU234A,YU236A,234,236,Y,A,INT,False,False,False,0.18309518622922916,-0.2656666666662204,-0.8150000000023283
3BT1,TU67A,TU67A,67,67,T,A,RIM,True,False,True,0.18309518622922916,-0.06833333333088376,-0.06866666666610399
4RS1,RA11D,RA24D,11,24,R,D,RIM,True,True,True,0.19001780466014928,0.38633333333200426,0.4046666666617966
3BT1,FU209A,FU211A,209,211,F,A,SUR,False,False,False,0.19226373792086626,0.013666666665812954,0.03766666666888341
1A22,KB161A,KB406A,161,406,K,A,SUR,True,False,True,0.19923395958157286,0.5593333333308692,0.027000000001862645
1JTG,TB32K,TB32K,32,32,T,K,SUR,True,True,True,0.19923395958157286,0.41499999999999204,0.869666666666717
3BT1,AU253S,AU255S,253,255,A,S,COR,False,True,True,0.20129013578442745,0.1773333333330811,0.10533333333478367
3BT1,NU80A,NU80A,80,80,N,A,SUR,True,False,True,0.20129013578442745,0.06866666666792298,-0.36666666666496894
1PPF,RI21D,RI21D,21,21,R,D,RIM,True,True,True,0.20514697165362072,2.3370000000001028,1.9036666666668225
1CBW,TI11A,TI11A,11,11,T,A,COR,True,False,True,0.2087249205788071,-0.11933333333320206,0.3999999999997499
3S9D,RA96A,RA125A,96,125,R,A,SUR,True,False,True,0.21041969087601645,-0.7493333333259216,-0.5386666666672681
3SE4,FA273A,FA290A,273,290,F,A,INT,False,False,False,0.21075224673591375,-0.6643333333195187,-0.203333333338378
2SIC,MI67H,MI73H,67,73,M,H,COR,False,True,True,0.21773940315648055,1.257666666666637,0.16266666666672336
3BT1,VU69A,VU69A,69,69,V,A,SUR,False,False,False,0.21893363751246397,-0.2476666666680103,0.012333333334026975
1CHO,AI12E,AI15E,12,15,A,E,COR,False,True,True,0.22186482052917889,2.9003333333333785,3.0850000000002638
3NGB,PH63K,PH62K,63,62,P,K,RIM,False,True,True,0.23249939112084128,-10.110666666179895,-10.574333332479
1A22,RA16A,RA16A,16,16,R,A,INT,True,False,True,0.24008643260365403,-0.054333333326212596,0.06766666665498633
3QHY,YB208A,YB248A,208,248,Y,A,RIM,False,False,False,0.24008643260365403,1.1796666666666624,0.17633333333333212
3SGB,NI30Q,NI36Q,30,36,N,Q,RIM,True,True,True,0.24011827787931317,0.12400000000013733,0.5543333333332612
1A4Y,YA437F,YA437F,437,437,Y,F,COR,False,False,False,0.24512583323395276,3.2750000000003183,10.551333333333787
1OGA,KA68A,KA68A,68,68,K,A,RIM,True,False,True,0.24822320773732454,-0.5539999999996326,-0.1289999999999054
3BT1,SU81A,SU81A,81,81,S,A,SUR,True,False,True,0.25269329703117727,-5.703333333333347,40.99799999999996
1R0R,EI14D,EI19D,14,19,E,D,COR,True,True,True,0.2551208442835531,2.383333333333553,3.9426666666664687
2BNR,TA64A,TA64A,64,64,T,A,INT,True,False,True,0.27132141388312725,-0.8169999998062849,-4.546666666865349
1XD3,KB27R,KB27R,27,27,K,R,SUP,True,True,True,0.27207954660673117,2.472666666666555,1.2829999999999018
1XD3,IB44A,IB44A,44,44,I,A,SUP,False,False,False,0.27207954660673117,0.5590000000000828,0.324333333333243
3SGB,RI15S,RI21S,15,21,R,S,RIM,True,True,True,0.2737493187766802,0.14533333333349674,0.11900000000014188
4RS1,KB203A,KB226A,203,226,K,A,RIM,True,False,True,0.2761295656452738,0.003666666667413665,0.7243333333390183
3BT1,RU89A,RU91A,89,91,R,A,SUR,True,False,True,0.2767873974142461,-0.009000000000014552,-0.01299999999901047
3BT1,KU167A,KU169A,167,169,K,A,SUR,True,False,True,0.2767873974142461,0.03500000000167347,0.026666666668461403
1KTZ,NB23A,NB47A,23,47,N,A,SUR,True,False,True,0.2847964176400932,-0.013999999999214197,-0.013999999999214197
2NZ9,RA1033A,RA1061A,1033,1061,R,A,RIM,True,False,True,0.29085109537238196,0.5826666666689562,-2.609666666667181
1C4Z,KD61A,KD64A,61,64,K,A,RIM,True,False,True,0.2929225068934471,2.8059999999998126,2.0636666666669043
3S9D,SB63A,SB74A,63,74,S,A,SUR,True,False,True,0.2937725472773982,-0.5080000000089058,1.3903333333364571
3SE4,MB130A,MB148A,130,148,M,A,COR,False,False,False,0.29861077632844113,1.0706666666519595,0.7409999999799766
3S9D,DA28A,DA35A,28,35,D,A,RIM,True,False,True,0.30120587158777096,0.11400000000139698,0.3840000000054715
1EAW,QA140A,QA145A,140,145,Q,A,SUR,True,False,True,0.30651010181258265,-0.11199999999996635,-0.0923333333332721
3BT1,SU65A,SU65A,65,65,S,A,INT,True,False,True,0.3074361052558583,-0.13699999999880674,0.28466666666281526
3SGB,PI8R,PI14R,8,14,P,R,RIM,False,True,True,0.30748033757241267,0.6690000000000964,-0.26700000000005275
1XD3,KB6R,KB6R,6,6,K,R,RIM,True,True,True,0.3095782068990207,-0.2976666666666006,-3.1476666666666233
1AO7,AA158G,AA158G,158,158,A,G,COR,False,False,False,0.31181917174453666,1.7489999999979773,1.3486666666667588
1K8R,EA37A,EA37A,37,37,E,A,RIM,True,False,True,0.31794063218378277,1.5880000000006476,0.9646666666676538
1FSS,AB12S,AB12S,12,12,A,S,COR,False,True,True,0.324464424675055,1.5619999999998981,0.15533333333337396
3SGB,NI30A,NI36A,30,36,N,A,RIM,True,False,True,0.3264488221589268,0.7840000000002192,-0.199333333333243
3SGB,AI9T,AI15T,9,15,A,T,COR,False,True,True,0.3264488221589268,2.008999999999901,2.384999999999877
3BT1,PU136A,PU138A,136,138,P,A,RIM,False,False,False,0.32940818454451914,-1.2066666666687524,-0.7729999999974098
3NGB,YH75S,YH74S,75,74,Y,S,RIM,False,True,True,0.33253674723212256,-13.099999997764826,-13.027666669338942
1R0R,RI16T,RI21T,16,21,R,T,RIM,True,True,True,0.3398288705303152,0.13800000000014734,-0.18866666666667697
1DVF,WA92A,WA92A,92,92,W,A,COR,False,False,False,0.3406880696651662,0.7323333333333721,0.9553333333331011
1A22,YA153A,YA164A,153,164,Y,A,SUP,False,False,False,0.34804376674183324,-0.5029999999969732,1.4199999999982538
1BP3,RA64A,RA64A,64,64,R,A,RIM,True,False,True,0.35399483190942327,-0.3213333333405899,5.5006666666668025
1BP3,IA175A,IA179A,175,179,I,A,SUP,False,False,False,0.35399483190942327,1.0953333333382034,2.781666666665842
3BT1,IU179A,IU181A,179,181,I,A,INT,False,False,False,0.35747101440397167,-0.10599999999976717,-0.1733333333304472
1AK4,AD92V,AD492V,92,492,A,V,RIM,False,False,False,0.3589087688248771,-0.6293333333342161,-0.37199999999756983
3MZG,HA182A,HA195A,182,195,H,A,SUR,True,False,True,0.3696117633879634,-0.0070000000001755325,0.5616666666666106
1CHO,PI11A,PI14A,11,14,P,A,RIM,False,False,False,0.3753075315105363,-0.6293333333334203,-0.48633333333316386
1CHO,PI11K,PI14K,11,14,P,K,RIM,False,True,True,0.3811202958876798,0.048999999999864485,0.6776666666667097
1BP3,DA26E,DA26E,26,26,D,E,SUR,True,True,True,0.38288475665841304,-0.029333333328395383,0.8173333333252231
2WPT,QB85A,QB92A,85,92,Q,A,SUP,True,False,True,0.3837572506904925,-2.02599999999984,-1.3736666666668498
1CHO,YI17W,YI20W,17,20,Y,W,COR,False,False,False,0.38687579071916467,-0.28733333333309474,0.564666666666767
1MHP,GH100F,GH100F,100,100,G,F,RIM,False,False,False,0.38897801499305373,-2.630999999998494,-3.2586666666666133
1AO7,RE92A,RE95A,92,95,R,A,SUP,True,False,True,0.38977663165173837,1.0516666666662786,1.965666666666948
1LFD,SA9K,SA22K,9,22,S,K,INT,True,True,True,0.39009426649069434,-0.9496666666667579,-1.141333333333364
1LFD,NA14K,NA27K,14,27,N,K,RIM,True,True,True,0.4000832855132619,-0.061333333333323026,-0.09199999999987085
5F4E,EA50K,EA71K,50,71,E,K,RIM,True,True,True,0.4084570835731789,0.7013333333334231,0.772666666666737
3MZG,HA46A,HA59A,46,59,H,A,INT,True,False,True,0.4085188647512677,-0.030000000000086402,-0.13966666666647143
1VFB,YC23A,YC23A,23,23,Y,A,SUP,False,False,False,0.4104304674362371,1.177666666666596,2.4249999999999545
5C6T,FA200A,FA298A,200,298,F,A,COR,False,False,False,0.4104304674362371,0.3146666667016689,-0.782999999995809
3QDJ,GD28N,GD28N,28,28,G,N,COR,False,True,True,0.410430467436238,-12.968333331868052,-12.417333332821727
1AO7,RE99Q,RE102Q,99,102,R,Q,RIM,True,True,True,0.410430467436238,1.6479999999992287,-0.03900000000066939
2JEL,EP5D,EP5D,5,5,E,D,RIM,True,True,True,0.4104304674362389,-0.06700000000000728,0.3043333333330338
3SE3,FA81A,FA96A,81,96,F,A,COR,False,False,False,0.4104304674362389,-1.6146666666609235,0.21133333331090398
2NYY,SC28Q,SC28Q,28,28,S,Q,RIM,True,True,True,0.4133403295562843,-0.7813333333342598,-0.9703333333345654
1KTZ,VB53A,VB77A,53,77,V,A,SUP,False,False,False,0.4147684062517971,0.34799999999813735,0.19399999999586726
1CHO,KI10M,KI13M,10,13,K,M,RIM,True,False,True,0.42026647859935906,-0.5966666666666924,0.022000000000048203
3SGB,AI9Q,AI15Q,9,15,A,Q,COR,False,True,True,0.4241816935433125,2.350999999999999,2.811999999999898
1A22,PA5A,PA5A,5,5,P,A,SUR,False,False,False,0.43599383287409843,-0.0006666666595265269,-0.0079999999870779
1CHO,AI12Q,AI15Q,12,15,A,Q,COR,False,True,True,0.43627235654262186,-0.9443333333333612,-0.7346666666666124
3SGB,RI15T,RI21T,15,21,R,T,RIM,True,True,True,0.44739711925312875,-0.519333333333293,-0.7899999999997362
3SGB,RI15H,RI21H,15,21,R,H,RIM,True,True,True,0.44739711925312875,1.0053333333333967,1.815666666666857
3BT1,PU152A,PU154A,152,154,P,A,SUR,False,False,False,0.4520880724872107,0.08899999999630381,-0.020999999998821295
1PPF,KI13S,KI13S,13,13,K,S,RIM,True,True,True,0.454414163454981,0.02233333333333576,0.016333333333250266
1JTG,PA82Q,PA107Q,82,107,P,Q,COR,False,True,True,0.46107036990548345,-1.3010000000000161,-0.7223333333333528
5M2O,NA120A,NA124A,120,124,N,A,COR,True,False,True,0.4647383973942656,-1.1653333333332512,0.2686666666669453
1R0R,NI31S,NI36S,31,36,N,S,RIM,True,True,True,0.4785646221185207,-0.41766666666649144,0.03766666666672336
1R0R,GI27Y,GI32Y,27,32,G,Y,SUP,False,False,False,0.4785646221185207,5.76833333333343,6.509666666666476
1MI5,SD51A,SD52A,51,52,S,A,RIM,True,False,True,0.48174976627243815,0.24666666666689707,2.6073333333329174
1KNE,DA40T,DA62T,40,62,D,T,RIM,True,True,True,0.4916708187135317,1.5673333333334085,1.8033333333333985
1MHP,NL51D,NL52D,51,52,N,D,SUR,True,True,True,0.5007110859164463,-1.4810000000006767,-1.0133333333324117
3S9D,KB37A,KB48A,37,48,K,A,RIM,True,False,True,0.5039222785554474,1.1539999999949941,0.7810000000099535
3BT1,GU150A,GU152A,150,152,G,A,SUR,False,False,False,0.5075768013776703,-0.047333333332062466,0.35666666666475066
1A22,NA63A,NA63A,63,63,N,A,COR,True,False,True,0.5100474472270253,-0.7833333333255723,-2.452999999986787
1MHP,GL91S,GL92S,91,92,G,S,SUP,False,True,True,0.5125540006908018,1.0839999999998327,1.288999999997941
2AK4,LC10A,LC10A,10,10,L,A,SUP,False,False,False,0.5133529115383286,3.0759999975562096,3.0696666669100523
1C4Z,DA156A,DA652A,156,652,D,A,COR,True,False,True,0.5183878015744154,0.6326666666668643,-0.2560000000000855
2NYY,YD56Q,YD57Q,56,57,Y,Q,COR,False,True,True,0.5196328266602599,1.3133333333298651,-1.6269999999967695
2BNR,HA151A,HA151A,151,151,H,A,RIM,True,False,True,0.5328584818670201,12.162666667252779,12.462333334609866
4NKQ,RB156Q,RB261Q,156,261,R,Q,INT,True,True,True,0.5355135000649485,0.20900000000256114,-0.4746666666615056
1MHP,YH59E,YH59E,59,59,Y,E,SUP,False,True,True,0.5439511670122741,-0.22000000000025466,0.06533333333300106
1A22,WB35A,WB276A,35,276,W,A,COR,False,False,False,0.5445465051519847,4.891999999992549,5.2946666666684905
4G0N,VB35I,VB88I,35,88,V,I,COR,False,False,False,0.5515998331046319,-0.06433333333325209,0.33233333333350856
1R0R,NI31T,NI36T,31,36,N,T,RIM,True,True,True,0.5616936910594923,-0.19833333333326664,-0.10299999999983811
1R0R,LI13H,LI18H,13,18,L,H,COR,False,True,True,0.5616936910594923,5.0799999999998136,3.967333333333272
1A22,RB30A,RB271A,30,271,R,A,COR,True,False,True,0.5672736386307804,0.508333333338669,0.5886666666629026
1AO7,TA163A,TA163A,163,163,T,A,COR,True,False,True,0.5812501790840772,0.9806666666663659,1.2950000000000728
1R0R,LI13Q,LI18Q,13,18,L,Q,COR,False,True,True,0.5850440663744285,3.0473333333334267,2.806666666666615
3QDG,RD27W,RD27W,27,27,R,W,RIM,True,False,True,0.5961552631308384,-16.430666664615273,-15.608333332464099
1AO7,VA76A,VA76A,76,76,V,A,SUR,False,False,False,0.5965433304303644,1.2153333333335468,-0.7353333333339833
3BT1,SU102A,SU104A,102,104,S,A,INT,True,False,True,0.6003384802443428,0.6940000000031432,-0.1883333333353221
4G0N,FB8W,FB61W,8,61,F,W,SUR,False,False,False,0.6031215317159937,0.08133333333330484,1.093333333333021
1R0R,YI15F,YI20F,15,20,Y,F,COR,False,False,False,0.6083944416893647,-0.0009999999999763531,-0.04500000000007276
3NPS,EA163A,EA169A,163,169,E,A,SUR,True,False,True,0.6152849725005716,0.007999999999583451,0.004000000000132786
1PPF,KI13D,KI13D,13,13,K,D,RIM,True,True,True,0.6224717011757175,-0.08733333333327664,-0.12533333333340124
3BT1,NU52Q,NU52Q,52,52,N,Q,SUR,True,True,True,0.6224776877098375,0.35433333333094197,0.2546666666676174
1A22,EA56A,EA56A,56,56,E,A,RIM,True,False,True,0.6242278382836632,2.1366666666581295,0.04466666666849051
1CHO,PI11G,PI14G,11,14,P,G,RIM,False,False,False,0.6275453199731746,0.44466666666687615,0.4866666666666788
2NYY,DC30Y,DC30Y,30,30,D,Y,RIM,True,False,True,0.6410697564182755,0.17066666666505625,0.8906666666644014
1A22,KB170A,KB415A,170,415,K,A,INT,True,False,True,0.642276045945497,-0.7566666666825768,-0.18299999999726424
3BK3,IC3R,IC2R,3,2,I,R,RIM,False,True,True,0.6505169000398912,0.2650000000000148,0.40100000000001046
2BDN,LH27R,LH27R,27,27,L,R,INT,False,True,True,0.6505169000398912,2.3383333333331393,0.9946666666664896
3NGB,YL26S,YL28S,26,28,Y,S,RIM,False,True,True,0.6512018347605686,31.790666667744517,31.66500000283122
1PPF,KI13N,KI13N,13,13,K,N,RIM,True,True,True,0.6512075596465952,-0.046666666666624224,-0.08833333333336668
1CHO,RI18K,RI21K,18,21,R,K,RIM,True,True,True,0.6535130617282814,0.26633333333325027,0.22566666666659785
3QDJ,GD28L,GD28L,28,28,G,L,COR,False,False,False,0.6550893243052958,-26.90400000102818,-26.434000000357628
1R0R,NI31V,NI36V,31,36,N,V,RIM,True,False,True,0.6593998711020355,0.09733333333338123,-0.283333333333303
3SGB,RI15E,RI21E,15,21,R,E,RIM,True,True,True,0.6620971153142783,0.5543333333331475,0.5786666666666633
3SGB,AI9E,AI15E,9,15,A,E,COR,False,True,True,0.6620971153142783,6.428999999999974,8.991666666666674
2BDN,YL30K,YL30K,30,30,Y,K,RIM,False,True,True,0.6746886643671921,2.5676666666668098,1.7596666666665897
1CHO,YI17L,YI20L,17,20,Y,L,COR,False,False,False,0.6748878119503825,-0.8263333333333094,-0.9850000000000136
1AK4,PD93A,PD493A,93,493,P,A,RIM,False,False,False,0.6825315075017766,-44.07366666666712,-56.35899999999856
4P23,KC68A,KC67A,68,67,K,A,RIM,True,False,True,0.6825315075017766,8.523666666820645,10.721333334222436
1A22,IA168A,IA179A,168,179,I,A,SUP,False,False,False,0.6976442167384214,0.5643333333355258,-3.0376666666634264
2WPT,NB65A,NB72A,65,72,N,A,COR,True,False,True,0.7009315670627263,-0.4023333333332175,-0.45100000000002183
3BT1,VU29A,VU29A,29,29,V,A,SUP,False,False,False,0.7034679092884097,2.245666666669422,1.350333333333765
1A22,EB10A,EB242A,10,242,E,A,INT,True,False,True,0.7051398829236737,-4.02100000000064,-4.4209999999948195
1B41,AB12S,AB12S,12,12,A,S,COR,False,True,True,0.7065706419707567,1.0996666666669626,1.4219999999995707
3NGB,TH33A,TH33A,33,33,T,A,SUP,True,False,True,0.7070907612381561,-2.728666666895151,-3.287333332002163
3S9D,FA20A,FA27A,20,27,F,A,RIM,False,False,False,0.7102008757271788,1.5113333333210903,1.5339999999923748
1OGA,RA75A,RA75A,75,75,R,A,RIM,True,False,True,0.7106649364419972,-0.10133333333328665,-0.5
1FFW,EA116K,EA117K,116,117,E,K,SUR,True,True,True,0.7129036007342995,-0.026999999999986812,0.007000000000005002
2JEL,EP5Q,EP5Q,5,5,E,Q,RIM,True,True,True,0.7129036007343004,-0.08600000000001273,-3.2586666666666133
1C4Z,KD61E,KD64E,61,64,K,E,RIM,True,True,True,0.7246292512246768,4.302333333333536,2.37700000000018
3S9D,WB61F,WB72F,61,72,W,F,INT,False,False,False,0.7246292512246786,-0.6049999999959255,-0.28833333334478084
1R0R,EI14I,EI19I,14,19,E,I,COR,True,False,True,0.7267046612494781,1.881333333333373,1.3926666666668552
3NGB,GH55S,GH54S,55,54,G,S,COR,False,True,True,0.7429672146683632,1.3366666678339243,1.3113333340734243
1PPF,KI13A,KI13A,13,13,K,A,RIM,True,False,True,0.7459138248960393,0.0633333333335031,0.08166666666681976
1PPF,AI15S,AI15S,15,15,A,S,COR,False,True,True,0.7459138248960393,1.3580000000001746,1.4213333333333367
2SIC,MI67D,MI73D,67,73,M,D,COR,False,True,True,0.7511185371014033,7.7886666666667,5.524000000000115
1MHP,FH99Y,FH99Y,99,99,F,Y,SUR,False,False,False,0.7545914268222766,1.1340000000000146,-0.7166666666662422
4B0M,PM98S,PM103S,98,103,P,S,SUP,False,True,True,0.7576580714024015,1.3746666666702367,2.9113333333298215
1MI5,GD92A,GD96A,92,96,G,A,COR,False,False,False,0.7637143214735689,1.8193333333335886,1.885666666666566
3SGB,EI13L,EI19L,13,19,E,L,RIM,True,False,True,0.768430218158457,-1.6136666666665178,-2.4966666666664423
1A22,EB86A,EB327A,86,327,E,A,RIM,True,False,True,0.7859786742358921,1.9253333333326736,-0.3293333333276678
1VFB,YB32A,YB32A,32,32,Y,A,COR,False,False,False,0.7915980227038082,-1.0843333333334613,-0.6419999999999391
1IAR,IA5R,IA5R,5,5,I,R,COR,False,True,True,0.7956602806251336,0.6980000000003201,0.9703333333309274
3HFM,YH53L,YH53L,53,53,Y,L,COR,False,False,False,0.8068065456842657,0.8376666666667347,3.830000000000041
2J0T,VD69I,VD69I,69,69,V,I,COR,False,False,False,0.8090573714771327,-1.0736666666666679,-0.3830000000000382
4I77,YL32A,YL28A,32,28,Y,A,RIM,False,False,False,0.8149821449723484,3.4676666666669007,4.041666666666515
1VFB,DB54A,DB54A,54,54,D,A,RIM,True,False,True,0.8150276552403861,2.109333333333325,1.9186666666668089
1C4Z,WD92A,WD95A,92,95,W,A,SUP,False,False,False,0.820860934872476,-0.4266666666674155,-0.3903333333332739
1C4Z,YA198L,YA694L,198,694,Y,L,SUP,False,False,False,0.820860934872476,-0.15733333333332666,0.2856666666662022
1FFW,EA92K,EA93K,92,93,E,K,SUR,True,True,True,0.820860934872476,0.1430000000000291,-2.9203333333333603
2AK4,NE28A,NE30A,28,30,N,A,COR,True,False,True,0.8224420466263549,-0.3526666685938835,-0.16933333314955235
3SE8,YH111A,YH100A,111,100,Y,A,RIM,False,False,False,0.829836445163048,0.39500000000043656,0.623666666668214
4RS1,NA89K,NA109K,89,109,N,K,SUP,True,True,True,0.845541937194799,3.707666666668956,2.3056666666670935
1AO7,SD31A,SD31A,31,31,S,A,SUP,True,False,True,0.8456865749103445,-0.7800000000006548,-0.8403333333317278
3QDG,GD28N,GD28N,28,28,G,N,COR,False,True,True,0.8512330281049998,-8.231000000610948,-7.430333333089948
4RS1,IA6G,IA19G,6,19,I,G,SUP,False,False,False,0.8558162237952978,1.2969999999986612,-2.8403333333371847
1PPF,KI13V,KI13V,13,13,K,V,RIM,True,False,True,0.8593354971001297,0.011333333333482187,0.05533333333323753
1MHP,LL48K,LL49K,48,49,L,K,SUP,False,True,True,0.8611124769245313,1.470999999999549,1.4840000000012878
1A22,QB171A,QB416A,171,416,Q,A,SUP,True,False,True,0.8839499515214202,1.0553333333446062,0.19833333334099734
1XD3,RB54L,RB54L,54,54,R,L,SUR,True,False,True,0.8886515854862242,0.29366666666669516,0.10333333333323935
2NYY,NA890A,NA918A,890,918,N,A,COR,True,False,True,0.8903490154418598,-0.061666666668315884,-1.0869999999958964
3SGB,AI9S,AI15S,9,15,A,S,COR,False,True,True,0.8982600377293011,3.0699999999998226,3.353999999999928
3SGB,NI30D,NI36D,30,36,N,D,RIM,True,True,True,0.8982600377293011,2.282000000000153,1.0983333333333576
1R0R,GI27S,GI32S,27,32,G,S,SUP,False,True,True,0.8990419104191218,1.0673333333330675,-0.1449999999999818
1PPF,LI18T,LI18T,18,18,L,T,COR,False,True,True,0.9026861823103829,7.421666666666624,7.806666666666501
1PPF,GI32S,GI32S,32,32,G,S,COR,False,True,True,0.9026861823103829,7.196333333333314,8.100000000000023
1VFB,VC120A,VC120A,120,120,V,A,SUP,False,False,False,0.9168557207375603,-1.3756666666666888,-0.29566666666664787
3MZG,HA160A,HA173A,160,173,H,A,SUP,True,False,True,0.9231422195902632,-0.24600000000032196,0.08100000000001728
1CHO,AI12V,AI15V,12,15,A,V,COR,False,False,False,0.9253913197426238,1.3746666666667124,1.5136666666667224
1FSS,MB33F,MB33F,33,33,M,F,COR,False,False,False,0.9367663883478432,1.8293333333333521,-6.341333333333296
1AO7,LC1A,LC1A,1,1,L,A,SUP,False,False,False,0.9385168663388835,1.170333333335293,-1.4166666666642413
3C60,LC61A,LC61A,61,61,L,A,SUP,False,False,False,0.9430381015977485,-2.3429999984800816,-1.363333335146308
1PPF,KI13C,KI13C,13,13,K,C,RIM,True,False,True,0.9493869329402571,0.04833333333340306,0.0426666666668325
2JEL,DP69E,DP69E,69,69,D,E,INT,True,True,True,0.9529900333379562,0.029999999999972715,-0.068000000000211
2G2U,WB112A,WB112A,112,112,W,A,COR,False,False,False,0.9582070362491306,3.9696666666668534,3.1030000000000655
2J0T,VD4S,VD4S,4,4,V,S,RIM,False,True,True,0.9818799580869442,1.618666666666627,1.179333333333318
1A22,DB85A,DB326A,85,326,D,A,SUP,True,False,True,0.984203039118326,0.8126666666794335,-1.1650000000008731
1OGA,QD32A,QD34A,32,34,Q,A,INT,True,False,True,0.9880350291172393,-4.925333333333583,-4.243666666666741
1R0R,TI12V,TI17V,12,17,T,V,COR,True,False,True,0.99452272756026,-2.316333333333205,-3.6109999999997626
3NGB,RH62A,RH61A,62,61,R,A,COR,True,False,True,0.995742471623144,14.179666666314006,14.027999999001622
1PPF,KI13H,KI13H,13,13,K,H,RIM,True,True,True,1.000392362352926,0.11100000000010368,0.08299999999996999
1CHO,KI10W,KI13W,10,13,K,W,RIM,True,False,True,1.0052906839247626,-0.011666666666769743,-0.42933333333337487
1OGA,SD30A,SD32A,30,32,S,A,SUP,True,False,True,1.0192283794644421,-1.2280000000000655,-1.1906666666664023
3BK3,IC3A,IC2A,3,2,I,A,RIM,False,False,False,1.0380825190191345,0.48200000000002774,-3.3123333333333562
5F4E,WB43A,WB62A,43,62,W,A,COR,False,False,False,1.0545461454348626,4.56499999999869,3.6130000000002838
1GC1,LC44A,LC44A,44,44,L,A,SUP,False,False,False,1.0554391789185669,0.23666666667122627,0.24166666666860692
3S9D,AA116M,AA145M,116,145,A,M,COR,False,False,False,1.0721723198618704,3.1930000000065775,9.261333333335642
1CHO,KI10F,KI13F,10,13,K,F,RIM,True,False,True,1.0780574861121828,-0.019000000000005457,-0.1636666666668134
2BDN,DH31E,DH31E,31,31,D,E,RIM,True,True,True,1.0851191318034292,0.24066666666635683,0.006666666666887977
1AK4,PD85A,PD485A,85,485,P,A,RIM,False,False,False,1.085119131803432,-0.5080000000016298,-0.5470000000022992
3SGB,EI13N,EI19N,13,19,E,N,RIM,True,True,True,1.0866478500536232,-1.615333333333183,-1.353333333333353
3M62,VB48A,VB50A,48,50,V,A,RIM,False,False,False,1.0898372922251198,3.2789999999999964,2.4253333333331284
1PPF,KI13E,KI13E,13,13,K,E,RIM,True,True,True,1.1170937183238294,0.10533333333330575,0.07366666666666788
3SE9,YL28A,YL30A,28,30,Y,A,RIM,False,False,False,1.1176046243775204,0.06966666666448873,0.340666666668767
1JTG,MA104A,MA129A,104,129,M,A,COR,False,False,False,1.118538062745734,2.0419999999999447,1.3203333333333376
1PPF,AI15D,AI15D,15,15,A,D,COR,False,True,True,1.1223330180170183,2.3840000000000146,2.594333333333225
1FSS,KB32R,KB32R,32,32,K,R,RIM,True,True,True,1.1342924051827827,-0.46333333333359406,0.5326666666665005
3BN9,SD30N,SD30N,30,30,S,N,COR,True,True,True,1.1453873114544013,0.6610000000009677,0.06466666666437959
1BP3,FA25A,FA25A,25,25,F,A,COR,False,False,False,1.1496551125345533,2.4456666666774254,1.7263333333321498
3SE4,VC72A,VC80A,72,80,V,A,COR,False,False,False,1.1647783713268485,2.9609999999956926,3.177333333340357
4G0N,VB16A,VB69A,16,69,V,A,COR,False,False,False,1.1655835401919603,2.06833333333293,3.4276666666667097
3SE4,KB134A,KB152A,134,152,K,A,COR,True,False,True,1.1800383445905986,-5.529666666669073,-6.614000000001397
1R0R,PI9T,PI14T,9,14,P,T,RIM,False,True,True,1.1810225607180858,-0.4656666666668343,-0.633666666666727
1C4Z,RD3E,RD6E,3,6,R,E,SUP,True,True,True,1.1851283466044196,1.2899999999997362,3.4593333333336886
1PPF,EI19N,EI19N,19,19,E,N,RIM,True,True,True,1.195757308174798,0.422333333333313,0.72199999999998
1AO7,KD66A,KD68A,66,68,K,A,COR,True,False,True,1.210869119040935,-0.5360000000018772,-3.561999999999898
4RS1,QA79E,QA99E,79,99,Q,E,COR,True,True,True,1.211486010901039,-2.1846666666715464,0.5633333333244082
1C4Z,LA139A,LA635A,139,635,L,A,SUP,False,False,False,1.2163000699382085,2.74799999999982,1.7396666666663805
1IAR,RA85E,RA85E,85,85,R,E,COR,True,True,True,1.2239357052320496,9.528333333333649,7.335333333332528
1MI5,GE95A,GE97A,95,97,G,A,SUP,False,False,False,1.231291402308715,-1.4960000000005493,-2.623666666667077
1MI5,PD89A,PD93A,89,93,P,A,INT,False,False,False,1.231291402308715,-0.32199999999988904,-1.8766666666665515
1MI5,LD90A,LD94A,90,94,L,A,SUP,False,False,False,1.231291402308715,2.5283333333329665,3.434333333333143
1PPF,EI19Y,EI19Y,19,19,E,Y,RIM,True,False,True,1.2314433939001965,0.041666666666515084,0.4039999999998827
1PPF,KI13G,KI13G,13,13,K,G,RIM,True,False,True,1.2314433939001965,0.06933333333313385,0.08433333333346127
3HFM,DY101A,DY101A,101,101,D,A,COR,True,False,True,1.2316074557522818,-3.8560000000001082,-1.2113333333334708
1BP3,HA21A,HA21A,21,21,H,A,SUP,True,False,True,1.2463528170561586,4.642999999996391,1.1789999999964493
3SE8,VH58A,VH57A,58,57,V,A,COR,False,False,False,1.2495567701557082,0.9039999999968131,-2.8236666666671226
1R0R,AI10T,AI15T,10,15,A,T,COR,False,True,True,1.2504132892056319,0.3283333333332621,0.8613333333333912
1MHP,GH53N,GH53N,53,53,G,N,COR,False,True,True,1.2551844535219026,-0.009000000000014552,-0.03366666666624951
1R0R,GI27N,GI32N,27,32,G,N,SUP,False,True,True,1.264267962291882,1.8570000000001983,1.6956666666668525
1VFB,YB101F,YB101F,101,101,Y,F,COR,False,False,False,1.2694340488451585,3.883666666666727,3.716000000000008
1A22,IB62A,IB303A,62,303,I,A,SUP,False,False,False,1.2720043407998052,0.5523333333330811,-3.618333333324699
3M62,SB45A,SB47A,45,47,S,A,COR,True,False,True,1.2780357249375598,-2.3736666666659403,-3.2056666666667297
1R0R,GI27A,GI32A,27,32,G,A,SUP,False,False,False,1.2962284157122559,-0.5816666666665924,-0.6483333333333121
1B41,LB35W,LB35W,35,35,L,W,COR,False,False,False,1.3038268524283705,1.7953333333325645,2.8176666666668098
3BK3,IC22A,IC21A,22,21,I,A,COR,False,False,False,1.306984865247376,8.188999999999965,9.414666666666676
1R0R,PI9V,PI14V,9,14,P,V,RIM,False,False,False,1.3124297400842693,-2.2066666666665924,-1.2206666666666024
2J0T,VD69T,VD69T,69,69,V,T,COR,False,True,True,1.3179756595296528,-0.438000000000045,0.05299999999999727
3Q8D,RA209A,RA210A,209,210,R,A,RIM,True,False,True,1.3225680277521104,-4.697666666666521,-13.753666666666675
1JCK,NB60A,NB60A,60,60,N,A,RIM,True,False,True,1.328549301888657,0.8133333333353221,0.6739999999954307
4RS1,DA92N,DA112N,92,112,D,N,COR,True,True,True,1.3285590109378607,4.940999999991618,4.931333333333896
1JTG,GB141A,GB141A,141,141,G,A,COR,False,False,False,1.3297635881359815,1.531000000000006,0.4890000000000043
1Z7X,WW261A,WW261A,261,261,W,A,COR,False,False,False,1.3352186946383782,0.8796666666667079,1.3683333333328846
3HFM,NL31D,NL31D,31,31,N,D,COR,True,True,True,1.3433465105866773,4.230333333333363,3.046999999999912
1DQJ,WC63A,WC63A,63,63,W,A,SUP,False,False,False,1.3461309221028799,2.307666666666819,6.414666666667017
1A22,IB64A,IB305A,64,305,I,A,SUP,False,False,False,1.3497511712022963,4.597333333331335,3.086333333332732
3SE4,LB31A,LB32A,31,32,L,A,COR,False,False,False,1.3574392266376454,4.50866666669026,4.7269999999844
1AO7,IE52R,IE54R,52,54,I,R,RIM,False,True,True,1.3634205007741924,-0.7256666666689853,-0.40266666666684614
1DQJ,DC101A,DC101A,101,101,D,A,COR,True,False,True,1.3764090847043278,-0.41466666666678975,-1.9056666666665478
4I77,NL95A,NL91A,95,91,N,A,SUP,True,False,True,1.3800114301969204,-0.1449999999999818,-0.838333333333594
3SE4,EC69A,EC77A,69,77,E,A,COR,True,False,True,1.3820650087383113,-1.6856666666571982,-2.009666666664998
3Q8D,RA202E,RA203E,202,203,R,E,SUR,True,True,True,1.3828362074030771,7.426999999999907,6.684000000000026
1IAR,TA6D,TA6D,6,6,T,D,SUP,True,True,True,1.3919622185152054,0.22433333332810435,2.47933333333458
1JTD,WB15A,WB53A,15,53,W,A,COR,False,False,False,1.3923104255231813,4.39066666666622,4.757333333333236
1OGA,VA152A,VA152A,152,152,V,A,SUP,False,False,False,1.3928421956532198,-0.06866666666701349,-0.09366666666619494
2BDN,NH28Q,NH28Q,28,28,N,Q,RIM,True,True,True,1.399317915591869,0.4500000000000455,0.17633333333378687
1CBW,II18A,II18A,18,18,I,A,COR,False,False,False,1.400697814827982,1.7200000000000273,1.6919999999998936
3HFM,YL96F,YL96F,96,96,Y,F,SUP,False,False,False,1.401635437141298,0.016666666666765195,-0.32733333333328574
3NGB,YH104A,YH100A,104,100,Y,A,COR,False,False,False,1.42343997552201,-12.455666664987803,-11.957000000402331
1XD3,KB11R,KB11R,11,11,K,R,RIM,True,True,True,1.434559759490253,-1.2963333333333367,-1.2886666666666997
3S9D,LA124A,LA153A,124,153,L,A,COR,False,False,False,1.4467549255595256,3.819000000010419,3.6036666666841484
1BRS,EA71Q,EA73Q,71,73,E,Q,SUP,True,True,True,1.4513038447248547,0.5486666666666906,0.0036666666665041703
1IAR,RA81E,RA81E,81,81,R,E,RIM,True,True,True,1.460930089033921,0.34799999999995634,2.293666666668287
1PPF,EI19R,EI19R,19,19,E,R,RIM,True,True,True,1.461050226936889,-1.9803333333333057,-2.3640000000000327
1R0R,LI13N,LI18N,13,18,L,N,COR,False,True,True,1.4794356519584522,3.453999999999837,2.252333333333354
1KTZ,RA13A,RA25A,13,25,R,A,RIM,True,False,True,1.4807662127887724,3.2740000000030705,3.0819999999985157
1B41,RB27M,RB27M,27,27,R,M,COR,True,False,True,1.482815215967003,0.6950000000024374,0.21900000000005093
1PPF,GI32H,GI32H,32,32,G,H,COR,False,True,True,1.4839621047053466,11.361666666666679,15.658666666666818
1EMV,GA47A,GA49A,47,49,G,A,SUP,False,False,False,1.485225845823198,0.4666666666667538,0.6333333333334394
1CHO,YI17H,YI20H,17,20,Y,H,COR,False,True,True,1.4885981962770831,0.6946666666667625,0.7233333333333576
3HFM,DY101N,DY101N,101,101,D,N,COR,True,True,True,1.4909593832612726,0.17533333333324208,0.03933333333338851
1PPF,TI17V,TI17V,17,17,T,V,COR,True,False,True,1.4915326394529327,1.8096666666666579,1.1823333333335313
1PPF,TI17S,TI17S,17,17,T,S,COR,True,True,True,1.509494170199594,3.2780000000001337,2.951999999999998
3HFM,YH58L,YH58L,58,58,Y,L,COR,False,False,False,1.5135176479154602,1.2716666666665901,-0.02533333333332166
1KTZ,DB8A,DB32A,8,32,D,A,RIM,True,False,True,1.5207792785599352,1.9376666666667006,1.908000000001266
1A22,RB11A,RB243A,11,243,R,A,SUP,True,False,True,1.5234058673339164,4.71733333334123,3.9769999999989523
1R0R,NI31L,NI36L,31,36,N,L,RIM,True,False,True,1.5249790693311454,-0.013000000000033651,-0.25900000000012824
5C6T,NH97A,NH102A,97,102,N,A,COR,True,False,True,1.5257394718214226,1.0463333333318587,-5.2216666666499805
3S9D,LA8A,LA15A,8,15,L,A,SUP,False,False,False,1.5355574178820834,1.8953333333338378,2.3416666666671517
3SGB,YI14H,YI20H,14,20,Y,H,COR,False,True,True,1.538008144328641,3.5923333333334995,2.16800000000012
1R0R,EI14M,EI19M,14,19,E,M,COR,True,False,True,1.5492935360086797,-1.8940000000001191,0.4343333333333703
1MHP,GL91Q,GL92Q,91,92,G,Q,SUP,False,True,True,1.572523455475622,-0.9303333333346018,0.22999999999956344
1FSS,VB34T,VB34T,34,34,V,T,COR,False,True,True,1.5850861578519844,0.407999999999447,0.9046666666665715
3SGB,GI26S,GI32S,26,32,G,S,COR,False,True,True,1.5852378323343874,8.879666666666594,9.722333333333495
1AO7,YC5A,YC5A,5,5,Y,A,COR,False,False,False,1.585289577163458,4.314666666667108,3.0939999999991414
1PPF,GI32N,GI32N,32,32,G,N,COR,False,True,True,1.5914057804565243,7.892999999999915,9.844000000000051
2WPT,FB79A,FB86A,79,86,F,A,COR,False,False,False,1.593811776397227,4.284333333333052,6.704666666667208
1B41,MB33Q,MB33Q,33,33,M,Q,COR,False,True,True,1.595047846656728,1.8266666666650053,2.0356666666657475
3SGB,GI26D,GI32D,26,32,G,D,COR,False,True,True,1.6022953361242056,10.200999999999908,10.536666666666747
1PPF,GI32W,GI32W,32,32,G,W,COR,False,False,False,1.6210195825911349,16.311666666666838,18.297333333333313
3BT1,LU148A,LU150A,148,150,L,A,SUP,False,False,False,1.63362326598347,5.7810000000026776,1.8203333333312912
1R0R,GI27T,GI32T,27,32,G,T,SUP,False,True,True,1.6553346228507788,-0.06699999999989359,0.009999999999990905
3BT1,DU100A,DU102A,100,102,D,A,SUR,True,False,True,1.6627202230793348,0.25466666666034143,0.054333333331669564
1AO7,QD30L,QD30L,30,30,Q,L,COR,True,False,True,1.6845296425427039,0.03833333333568589,1.5653333333339106
1R0R,EI14H,EI19H,14,19,E,H,COR,True,True,True,1.6849484249853894,1.19700000000023,2.2546666666669353
1A22,TA164S,TA175S,164,175,T,S,COR,True,True,True,1.6897866852854406,0.9083333333401242,3.188666666690551
3SGB,LI12H,LI18H,12,18,L,H,COR,False,True,True,1.6899402680462021,3.1980000000000928,3.1340000000001282
1R0R,PI9I,PI14I,9,14,P,I,RIM,False,False,False,1.7173510737294162,0.882666666666637,0.8289999999999509
1A22,RA64A,RA64A,64,64,R,A,COR,True,False,True,1.720984798457878,0.08666666666249512,1.8583333333372138
3S9D,TB33A,TB44A,33,44,T,A,SUP,True,False,True,1.730218706261807,-0.6049999999959255,-2.314333333335526
3QHY,YB168A,YB208A,168,208,Y,A,RIM,False,False,False,1.7424391451234005,2.4673333333334995,2.480333333333647
1R0R,AI10H,AI15H,10,15,A,H,COR,False,True,True,1.750040888100223,2.2113333333333003,2.6410000000000764
1JCK,YB26A,YB26A,26,26,Y,A,COR,False,False,False,1.7603912413541436,2.2123333333292976,1.8660000000018044
1A22,KA161A,KA172A,161,172,K,A,SUP,True,False,True,1.778173132563456,0.24433333333581686,0.12100000000646105
1R0R,AI10Q,AI15Q,10,15,A,Q,COR,False,True,True,1.7856901763704123,5.304666666666435,5.913666666666813
4G0N,NB11D,NB64D,11,64,N,D,RIM,True,True,True,1.8079746642779373,0.04199999999968895,0.06299999999987449
1PPF,EI19S,EI19S,19,19,E,S,RIM,True,True,True,1.8204281432093445,0.06966666666664878,-0.10599999999988086
2J0T,VD4K,VD4K,4,4,V,K,RIM,False,True,True,1.823519375793989,2.3326666666666256,1.9493333333333567
1R0R,EI14W,EI19W,14,19,E,W,COR,True,False,True,1.8236841765735985,-0.6889999999999645,1.0096666666667033
1DVF,YB32A,YB32A,32,32,Y,A,COR,False,False,False,1.8312826107004323,-0.867333333333363,-0.05066666666675701
1LFD,RA7A,RA20A,7,20,R,A,RIM,True,False,True,1.8326014863355242,-1.7269999999999754,-1.7193333333331111
3M63,VA106A,VA100A,106,100,V,A,SUP,False,False,False,1.8379270452291134,2.479666666666162,2.2479999999995925
3SGB,LI12W,LI18W,12,18,L,W,COR,False,False,False,1.839159132048616,-1.518666666666718,-1.6350000000001046
1PPF,NI36R,NI36R,36,36,N,R,RIM,True,True,True,1.8436435689191608,3.002999999999929,3.342666666666787
1EMV,VA66A,VA68A,66,68,V,A,INT,False,False,False,1.8556533755337234,-0.1596666666667943,0.014999999999986358
3HFM,DY101S,DY101S,101,101,D,S,COR,True,True,True,1.8692079752249349,0.2906666666666524,0.14433333333334986
5XCO,YB11A,YB11A,11,11,Y,A,RIM,False,False,False,1.8992893062216165,4.43533333333329,3.8583333333333485
1VFB,YB32E,YB32E,32,32,Y,E,COR,False,True,True,1.9019926711364974,0.5943333333333385,1.331000000000131
1AO7,SD94N,SD100N,94,100,S,N,COR,True,True,True,1.905980066675908,1.4363333333330957,-0.15399999999863212
1R0R,TI12K,TI17K,12,17,T,K,COR,True,True,True,1.9068132455145665,1.0023333333334676,-0.32333333333315295
1C4Z,MA157A,MA653A,157,653,M,A,COR,False,False,False,1.929203670672508,1.5546666666666624,0.1543333333333976
1BD2,DD30N,DD30N,30,30,D,N,COR,True,True,True,1.9363537648425533,3.939333333333707,3.0203333333347473
1PPF,TI17Q,TI17Q,17,17,T,Q,COR,True,True,True,1.9412328899895197,2.697999999999979,2.930333333333351
3SGB,TI11R,TI17R,11,17,T,R,COR,True,True,True,1.9452002188907151,2.327000000000112,3.631999999999948
3SGB,GI26E,GI32E,26,32,G,E,COR,False,True,True,1.9452002188907151,12.292000000000257,12.509333333333188
1LFD,KA19A,KA32A,19,32,K,A,COR,True,False,True,1.9542059783173633,0.4430000000000973,-0.6449999999999818
1JCK,FB176A,FB176A,176,176,F,A,RIM,False,False,False,1.9598124936827501,2.878000000000611,3.704666666664707
1JTG,EA79A,EA104A,79,104,E,A,COR,True,False,True,1.9785981935112233,4.353999999999957,4.4006666666666945
4B0M,PM99S,PM104S,99,104,P,S,COR,False,True,True,1.9931880458541809,-0.2333333333444898,0.09299999999348074
1GUA,KB29A,KB84A,29,84,K,A,RIM,True,False,True,1.9981139761839222,3.0303333333334876,3.0963333333335186
1KTZ,DB8N,DB32N,8,32,D,N,RIM,True,True,True,1.9992436939838996,0.41833333333306655,0.4296666666650708
3SGB,YI14E,YI20E,14,20,Y,E,COR,False,True,True,2.0072166697693525,3.7693333333331793,1.9756666666667115
3SGB,YI14S,YI20S,14,20,Y,S,COR,False,True,True,2.0072166697693525,3.9473333333331766,3.5896666666666306
3SGB,AI9R,AI15R,9,15,A,R,COR,False,True,True,2.0072166697693525,7.168999999999869,8.482999999999947
2AJF,NE151K,NE479K,151,479,N,K,COR,True,True,True,2.011495640652875,1.761666666666315,1.8183333333336122
4G0N,TA35S,TA35S,35,35,T,S,INT,True,True,True,2.0275026221074315,-0.9283333333332848,0.01433333333329756
1CHO,GI29T,GI32T,29,32,G,T,SUP,False,True,True,2.0473423177301537,3.469000000000051,3.2016666666667106
1CBW,KI15A,KI15A,15,15,K,A,COR,True,False,True,2.0540874854319857,0.27099999999995816,-0.8960000000000719
1R0R,AI10N,AI15N,10,15,A,N,COR,False,True,True,2.0602559564959275,3.709999999999809,4.065333333333228
1R0R,EI14R,EI19R,14,19,E,R,COR,True,True,True,2.0602559564959275,1.4909999999998718,2.550000000000068
1CHO,EI16H,EI19H,16,19,E,H,COR,True,True,True,2.060544642339904,0.12666666666677884,0.38599999999996726
1MHP,WL89Q,WL90Q,89,90,W,Q,SUP,False,True,True,2.0756270725875066,-1.8313333333326227,2.07799999999952
4BFI,LB29K,LB30K,29,30,L,K,COR,False,True,True,2.07632410150849,6.32066666521132,7.009000001475215
1CHO,YI17I,YI20I,17,20,Y,I,COR,False,False,False,2.079805002238068,0.5416666666666288,1.616333333333273
1JCK,VB91A,VB91A,91,91,V,A,COR,False,False,False,2.080440237321539,2.0516666666662786,2.1246666666665988
3HFM,DY101Q,DY101Q,101,101,D,Q,COR,True,True,True,2.084960370922995,-0.05200000000019145,0.2533333333333303
1TM1,TI39D,TI58D,39,58,T,D,COR,True,True,True,2.0979187471187277,4.405000000000086,3.241666666666447
3BK3,IC22R,IC21R,22,21,I,R,COR,False,True,True,2.120397576126832,18.225666666666655,18.75766666666665
1R0R,LI13E,LI18E,13,18,L,E,COR,False,True,True,2.120627514475941,7.208000000000084,6.116666666666561
3HFM,DY101K,DY101K,101,101,D,K,COR,True,True,True,2.124321494441034,3.0283333333332507,3.751666666666665
1R0R,GI27M,GI32M,27,32,G,M,SUP,False,False,False,2.126460081221202,-0.3516666666665742,0.7999999999999545
3HFM,DY101E,DY101E,101,101,D,E,COR,True,True,True,2.132661848788424,1.8056666666666388,1.9430000000000973
4G0N,RB6A,RB59A,6,59,R,A,RIM,True,False,True,2.158316621404598,3.2106666666666115,2.574000000000069
2NZ9,NA890A,NA918A,890,918,N,A,COR,True,False,True,2.159809982979583,-1.597666666666555,0.10166666667100799
1R0R,GI27H,GI32H,27,32,G,H,SUP,False,True,True,2.1618756515446815,-0.8316666666665924,4.961333333333414
1Z7X,YW437F,YW437F,437,437,Y,F,COR,False,False,False,2.1648657290177837,1.8376666666667916,0.6220000000000709
2J0T,SD68E,SD68E,68,68,S,E,COR,True,True,True,2.1842814356466693,5.573666666666725,4.707333333333338
1AO7,EA166A,EA166A,166,166,E,A,RIM,True,False,True,2.19887333728198,1.4713333333329501,0.340666666666948
1JTD,YA79A,YA105A,79,105,Y,A,COR,False,False,False,2.2345232592160027,1.5376666666663823,-0.0006666666668024845
5F4E,EB26K,EB45K,26,45,E,K,COR,True,True,True,2.2471625097290895,2.7610000000013315,0.922333333332972
3S9D,MA119A,MA148A,119,148,M,A,SUP,False,False,False,2.25350210488048,3.718333333337796,3.3359999999884167
1JTG,WB162A,WB162A,162,162,W,A,COR,False,False,False,2.2619100386314948,1.900666666666666,2.608333333333377
3HFM,DY101R,DY101R,101,101,D,R,COR,True,True,True,2.2796384426611738,1.0296666666665715,1.4399999999999409
1CHO,NI33K,NI36K,33,36,N,K,COR,True,True,True,2.3006629202192137,2.783999999999878,2.6189999999999145
1AO7,GD28R,GD28R,28,28,G,R,COR,False,True,True,2.316410534112146,8.241666666664969,8.825000000000728
3S9D,VB69A,VB80A,69,80,V,A,SUP,False,False,False,2.3164105341121477,3.514999999999418,3.8589999999894644
1R0R,LI13G,LI18G,13,18,L,G,COR,False,False,False,2.3200316301887955,4.100666666666598,2.7223333333332675
3HFM,RY21N,RY21N,21,21,R,N,COR,True,True,True,2.328022336110445,1.873333333333278,4.8886666666667224
1CHO,GI29I,GI32I,29,32,G,I,SUP,False,False,False,2.3342939611165825,6.947333333333631,9.704333333333466
1R0R,EI14C,EI19C,14,19,E,C,COR,True,False,True,2.338461486713669,-1.6736666666666906,0.5923333333334995
1JTG,DB49A,DB49A,49,49,D,A,COR,True,False,True,2.3468627839956238,0.2303333333333626,0.36000000000004206
1CHO,GI29Q,GI32Q,29,32,G,Q,SUP,False,True,True,2.3504102383798386,-1.9510000000001355,-0.7546666666665942
3HFM,YL50F,YL50F,50,50,Y,F,COR,False,False,False,2.3546254704792524,-6.675999999999931,-2.556666666666615
1PPF,YI20H,YI20H,20,20,Y,H,COR,False,True,True,2.382013983265341,3.2163333333334094,3.9783333333332394
3HFM,RY21Q,RY21Q,21,21,R,Q,COR,True,True,True,2.3972882506171542,4.839333333333343,2.3133333333333326
3BN9,PD104H,PD100H,104,100,P,H,RIM,False,True,True,2.4270054049053016,0.05700000000160799,0.003000000001520675
1CHO,RI18Q,RI21Q,18,21,R,Q,RIM,True,True,True,2.4438580675080086,2.8836666666668407,2.507666666666637
1PPF,TI17Y,TI17Y,17,17,T,Y,COR,True,False,True,2.446207394835639,3.285666666666657,4.283333333333303
3HFM,RY21E,RY21E,21,21,R,E,COR,True,True,True,2.4531831897483194,6.228333333333353,6.376666666666608
1AO7,DD93N,DD99N,93,99,D,N,COR,True,True,True,2.4581679097593483,3.0926666666655365,2.4183333333348855
1PPF,GI32D,GI32D,32,32,G,D,COR,False,True,True,2.4622132727789037,9.677666666666596,11.634999999999877
1CHO,AI12K,AI15K,12,15,A,K,COR,False,True,True,2.4638319105839273,1.347333333333495,2.4756666666667115
3SGB,TI11S,TI17S,11,17,T,S,COR,True,True,True,2.4675781941663253,4.260666666666452,3.5479999999997744
1BRS,RA57K,RA59K,57,59,R,K,COR,True,True,True,2.4867545689447326,0.2673333333333403,0.19100000000003092
3SGB,LI12Q,LI18Q,12,18,L,Q,COR,False,True,True,2.509461027695047,6.994666666666603,6.778999999999996
5M2O,VB21A,VB43A,21,43,V,A,COR,False,False,False,2.5244597396574306,3.7690000000000055,-1.4930000000000518
1JTD,FB36A,FB74A,36,74,F,A,SUP,False,False,False,2.549880964925837,3.3769999999999527,5.514666666666244
4OFY,LD42A,LD61A,42,61,L,A,COR,False,False,False,2.5664488984560085,3.7453333333396586,3.207666666668956
1CHO,GI29E,GI32E,29,32,G,E,SUP,False,True,True,2.5792714708047857,0.7673333333332266,0.5243333333334022
1Z7X,YW437A,YW437A,437,437,Y,A,COR,False,False,False,2.6226915647779236,6.493666666666513,4.379000000000133
1AO7,KA66A,KA66A,66,66,K,A,SUP,True,False,True,2.625665354906386,-1.4690000000009604,-1.954666666666526
1CHO,RI18T,RI21T,18,21,R,T,RIM,True,True,True,2.6318894483046638,2.6206666666666933,2.1766666666667334
4G0N,TA35A,TA35A,35,35,T,A,INT,True,False,True,2.6619020643907123,-0.5326666666667279,0.20000000000004547
1DVF,ID101A,ID97A,101,97,I,A,COR,False,False,False,2.681270368104613,0.747666666666646,-0.4456666666667388
3SGB,GI26H,GI32H,26,32,G,H,COR,False,True,True,2.6999486620688593,6.815000000000055,8.273000000000025
4BFI,NB93K,NB94K,93,94,N,K,COR,True,True,True,2.726841001548383,-4.497333332896233,-3.565333331003785
4BFI,FB95D,FB96D,95,96,F,D,COR,False,True,True,2.726841001548383,12.704333333298564,12.68300000205636
1MHP,SL90R,SL91R,90,91,S,R,COR,True,True,True,2.726841001548385,-1.2103333333325281,-0.22466666666787205
1MHP,GH100L,GH100L,100,100,G,L,RIM,False,False,False,2.726841001548385,2.0466666666661695,1.6613333333334594
1JTG,RB160A,RB160A,160,160,R,A,RIM,True,False,True,2.7360613298915535,2.375666666666632,0.8969999999999629
1CHO,RI18H,RI21H,18,21,R,H,RIM,True,True,True,2.7553315720249856,3.669666666666558,3.244666666666717
1PPF,GI32Q,GI32Q,32,32,G,Q,COR,False,True,True,2.760626364019272,7.472666666666555,9.887333333333117
1PPF,GI32T,GI32T,32,32,G,T,COR,False,True,True,2.7731226266001805,10.817666666666582,11.325666666666848
1PPF,YI20M,YI20M,20,20,Y,M,COR,False,False,False,2.7731226266001805,-0.36000000000012733,0.32100000000014006
5XCO,IB9A,IB9A,9,9,I,A,COR,False,False,False,2.7958437040327553,4.240000000000009,5.555666666666582
3SGB,YI14G,YI20G,14,20,Y,G,COR,False,False,False,2.802700119822269,2.9306666666667525,2.0720000000000027
1IAR,RA88Q,RA88Q,88,88,R,Q,COR,True,True,True,2.827442638609897,5.645000000000437,3.5173333333332266
3M62,LA50A,LA44A,50,44,L,A,COR,False,False,False,2.8277069215868336,-0.09633333333340488,1.3350000000004911
2J0T,SD68R,SD68R,68,68,S,R,COR,True,True,True,2.8347983356865623,1.594666666666626,2.3460000000000036
2NYY,EA892A,EA920A,892,920,E,A,COR,True,False,True,2.8388405843832754,0.797999999998865,-0.3226666666705569
1R0R,GI27D,GI32D,27,32,G,D,SUP,False,True,True,2.8477706321233445,5.014666666666585,4.908666666666591
3HFM,YH50L,YH50L,50,50,Y,L,SUP,False,False,False,2.848544136341374,3.998333333333278,3.7596666666667033
1JTG,YB53A,YB53A,53,53,Y,A,SUP,False,False,False,2.8686266421223676,3.233000000000004,2.9683333333333337
1CHO,YI17R,YI20R,17,20,Y,R,COR,False,True,True,2.868753244229076,3.312000000000239,2.6063333333331684
4OFY,QD34A,QD53A,34,53,Q,A,SUP,True,False,True,2.868922031754069,3.3850000000020373,3.1516666666575475
1JTG,WB112A,WB112A,112,112,W,A,COR,False,False,False,2.8791059812845385,3.6266666666666367,4.212999999999965
1KTZ,RA64A,RA94A,64,94,R,A,RIM,True,False,True,2.882817322814814,0.7510000000020227,0.6059999999997672
3SGB,TI11C,TI17C,11,17,T,C,COR,True,False,True,2.8853984397006442,0.40599999999994907,0.5609999999996944
1R0R,GI27K,GI32K,27,32,G,K,SUP,False,True,True,2.8944130904637557,1.9579999999998563,2.109666666666726
1R0R,LI13R,LI18R,13,18,L,R,COR,False,True,True,2.8944130904637557,4.188333333333276,3.768666666666718
3SGB,TI11Q,TI17Q,11,17,T,Q,COR,True,True,True,2.8992531127868926,1.8343333333334613,1.1893333333331384
3QHY,YB33A,YB73A,33,73,Y,A,SUP,False,False,False,2.9016094106393453,1.9589999999998327,1.63799999999992
1JTG,HB148A,HB148A,148,148,H,A,SUP,True,False,True,2.907119039817065,1.1799999999999784,0.9109999999999729
4RS1,DA92R,DA112R,92,112,D,R,COR,True,True,True,2.9080343718296167,7.676333333336515,10.602333333332354
1K8R,RB13A,RB83A,13,83,R,A,COR,True,False,True,2.9121660318022986,0.509666666666817,2.245999999999185
1CHO,LI15H,LI18H,15,18,L,H,COR,False,True,True,2.9588046800692034,1.6846666666666579,3.2463333333332685
1CHO,YI17N,YI20N,17,20,Y,N,COR,False,True,True,2.9588046800692034,1.4586666666667725,2.7943333333332703
1A22,PB65A,PB306A,65,306,P,A,SUP,False,False,False,2.964632296643634,-0.20166666664590593,0.7150000000110595
3SGB,GI26T,GI32T,26,32,G,T,COR,False,True,True,2.991906682105421,9.061333333333323,11.380666666666684
3QHY,EB228A,EB268A,228,268,E,A,SUP,True,False,True,3.0112784461553534,-4.548000000000457,-4.7293333333336705
3S9D,RA120A,RA149A,120,149,R,A,COR,True,False,True,3.020578778680184,-0.2809999999954016,-0.18999999999505235
3Q8D,RA131A,RA132A,131,132,R,A,SUP,True,False,True,3.0293141348464454,1.2343333333333817,8.92599999999993
1AO7,RA65A,RA65A,65,65,R,A,RIM,True,False,True,3.0418371574432137,3.0156666666680394,2.6696666666666715
1PPF,LI18S,LI18S,18,18,L,S,COR,False,True,True,3.048846341693519,10.323666666666554,9.607333333333258
3HFM,KY97R,KY97R,97,97,K,R,COR,True,True,True,3.0525377388430464,1.7596666666666465,1.4373333333332425
1CHO,GI29D,GI32D,29,32,G,D,SUP,False,True,True,3.06554664042069,2.831666666666706,2.9769999999998618
3QHY,IB189A,IB229A,189,229,I,A,SUP,False,False,False,3.0660469027300152,-0.014666666666926176,-0.27766666666684614
3QHY,FB190A,FB230A,190,230,F,A,SUP,False,False,False,3.073787222100165,2.8869999999997162,1.5383333333329574
1R0R,TI12G,TI17G,12,17,T,G,COR,True,False,True,3.095160442555299,1.6296666666665942,0.7480000000000473
3SGB,YI14N,YI20N,14,20,Y,N,COR,False,True,True,3.1144208024534645,2.5956666666666024,2.5626666666664732
1R0R,EI14S,EI19S,14,19,E,S,COR,True,True,True,3.1308097308254865,2.0066666666666606,3.1883333333332757
3SGB,LI12K,LI18K,12,18,L,K,COR,False,True,True,3.137636228163281,6.531000000000063,6.253333333333671
1CHO,RI18S,RI21S,18,21,R,S,RIM,True,True,True,3.142090468696738,2.5699999999999363,3.412333333333322
3SGB,LI12T,LI18T,12,18,L,T,COR,False,True,True,3.1599642198261595,7.369333333333316,7.531666666666865
1PPF,EI19P,EI19P,19,19,E,P,RIM,True,False,True,3.165547697664419,0.6143333333335477,0.606666666666456
1R0R,YI15H,YI20H,15,20,Y,H,COR,False,True,True,3.211548645116359,1.7836666666664769,1.7453333333331784
3HFM,WH98F,WH98F,98,98,W,F,COR,False,False,False,3.2452288031227994,4.931666666666615,2.9296666666667193
1CHO,YI17T,YI20T,17,20,Y,T,COR,False,True,True,3.257918644818959,4.2719999999999345,4.9336666666666815
1CHO,LI15N,LI18N,15,18,L,N,COR,False,True,True,3.3101480064174726,4.9080000000000155,7.166333333333341
3SGB,LI12R,LI18R,12,18,L,R,COR,False,True,True,3.319933575480402,4.29300000000012,3.369333333333202
2NZ9,FA925A,FA953A,925,953,F,A,SUP,False,False,False,3.3400959786858913,4.73166666666657,4.828333333331102
3SGB,LI12N,LI18N,12,18,L,N,COR,False,True,True,3.3523362242244286,6.049333333333152,5.857666666666432
1CBW,KI15S,KI15S,15,15,K,S,COR,True,True,True,3.389484307866507,4.370333333333406,3.897999999999911
1PPF,TI17R,TI17R,17,17,T,R,COR,True,True,True,3.4034631194353846,4.298000000000002,3.647000000000048
1PPF,YI20C,YI20C,20,20,Y,C,COR,False,False,False,3.4034631194353846,1.8746666666667124,2.6460000000001855
1EMV,LA31A,LA33A,31,33,L,A,SUP,False,False,False,3.4173975728355135,2.033999999999935,2.009333333333359
1R0R,GI27R,GI32R,27,32,G,R,SUP,False,True,True,3.4226431129268633,0.1570000000000391,0.31433333333336577
3SGB,TI11H,TI17H,11,17,T,H,COR,True,True,True,3.4586693270686073,5.520999999999958,5.527333333333445
1CHO,RI18E,RI21E,18,21,R,E,RIM,True,True,True,3.4704679740658353,3.472666666666669,3.5886666666665406
4RS1,DA92K,DA112K,92,112,D,K,COR,True,True,True,3.4766160050963837,7.616000000005442,10.999333333333198
3AAA,RA258E,RA266E,258,266,R,E,RIM,True,True,True,3.5018759799630814,4.709666666666635,4.1223333333337
1CHO,EI16F,EI19F,16,19,E,F,COR,True,False,True,3.572087669114593,1.55399999999986,1.5309999999997217
1K8R,DA38E,DA38E,38,38,D,E,COR,True,True,True,3.574123765380568,0.5626666666676101,1.3460000000013679
1PPF,YI20N,YI20N,20,20,Y,N,COR,False,True,True,3.592925291220535,1.3319999999997663,1.6666666666667425
1PPF,YI20S,YI20S,20,20,Y,S,COR,False,True,True,3.592925291220535,4.251666666666665,4.1396666666668125
4RS1,FA99A,FA119A,99,119,F,A,COR,False,False,False,3.6243295978178303,5.505999999997584,3.608666666659701
1CHO,TI14Q,TI17Q,14,17,T,Q,COR,True,True,True,3.630437329720081,4.13766666666686,4.588666666666654
1JTG,EA79D,EA104D,79,104,E,D,COR,True,True,True,3.653836286769299,4.527333333333331,4.148333333333312
1CHO,RI18D,RI21D,18,21,R,D,RIM,True,True,True,3.730243647758707,3.1936666666665587,4.214333333333343
2WPT,VA34A,VA37A,34,37,V,A,SUP,False,False,False,3.8072040756534014,0.40866666666670426,0.9946666666664896
3S9D,LA23A,LA30A,23,30,L,A,COR,False,False,False,3.807793942790372,4.804333333326213,5.125333333315211
1PPF,YI20I,YI20I,20,20,Y,I,COR,False,False,False,3.876723555721526,2.930333333333351,3.8799999999999955
1EMV,FB86A,FB86A,86,86,F,A,COR,False,False,False,3.8785458133737087,6.749666666666599,7.022999999999968
1CHO,LI15R,LI18R,15,18,L,R,COR,False,True,True,3.950650637118466,9.34800000000007,9.314333333333366
3SGB,GI26I,GI32I,26,32,G,I,COR,False,False,False,4.035358663365228,21.14533333333361,22.639666666666812
2JEL,SP64T,SP64T,64,64,S,T,SUP,True,True,True,4.090261502322578,1.8283333333331484,1.685666666666748
2JEL,QP3K,QP3K,3,3,Q,K,COR,True,True,True,4.090261502322578,5.119333333333543,3.984000000000151
2JEL,EP66K,EP66K,66,66,E,K,COR,True,True,True,4.090261502322578,3.211666666666815,3.8993333333332885
2JEL,EP70K,EP70K,70,70,E,K,SUP,True,True,True,4.090261502322578,17.105000000000018,20.395999999999958
3SGB,LI12S,LI18S,12,18,L,S,COR,False,True,True,4.100162440636087,8.906000000000063,8.273000000000025
1A4Y,KB40Q,KB40Q,40,40,K,Q,SUP,True,True,True,4.250087924932476,3.3403333333335468,-0.33133333333330484
1BRS,DD35A,DD35A,35,35,D,A,COR,True,False,True,4.284044311812199,6.998000000000047,7.872000000000071
1PPF,YI20R,YI20R,20,20,Y,R,COR,False,True,True,4.311258691501285,4.2970000000000255,5.108000000000061
1JTG,WB150A,WB150A,150,150,W,A,COR,False,False,False,4.313726861072797,2.848666666666702,3.4429999999999836
2J0T,TD2A,TD2A,2,2,T,A,COR,True,False,True,4.387362648429809,1.317666666666696,1.349999999999966
1R0R,YI15R,YI20R,15,20,Y,R,COR,False,True,True,4.407590182639568,3.0253333333333785,4.695666666666625
1R0R,YI15Q,YI20Q,15,20,Y,Q,COR,False,True,True,4.440279997010375,3.5230000000001382,4.787000000000035
3M62,YA103A,YA97A,103,97,Y,A,SUP,False,False,False,4.474755298014591,5.38666666666677,5.496000000000549
1R0R,AI10E,AI15E,10,15,A,E,COR,False,True,True,4.513923285483749,7.9849999999999,8.152000000000157
1BRS,HA100Q,HA102Q,100,102,H,Q,COR,True,True,True,4.548087338082718,6.14766666666651,5.9586666666667725
1R0R,YI15E,YI20E,15,20,Y,E,COR,False,True,True,4.553701669214465,5.786666666666747,6.203000000000202
3SGB,TI11E,TI17E,11,17,T,E,COR,True,True,True,4.564068327321447,4.26600000000019,4.851333333333514
4OFY,FA40A,FA60A,40,60,F,A,COR,False,False,False,4.601920526942417,5.78966666667111,7.485333333323069
1A22,WB63A,WB304A,63,304,W,A,COR,False,False,False,4.680936910048193,6.14100000000326,8.94766666668147
1PPF,GI32R,GI32R,32,32,G,R,COR,False,True,True,4.781272488261267,17.144666666666694,20.62300000000016
1CHO,LI15A,LI18A,15,18,L,A,COR,False,False,False,4.781450809100635,5.114666666666949,4.291999999999916
3SGB,TI11D,TI17D,11,17,T,D,COR,True,True,True,4.886917950464655,5.814333333333366,6.535000000000082
1CHO,LI15S,LI18S,15,18,L,S,COR,False,True,True,4.917207223569667,7.758999999999901,7.084666666666749
2J0T,TD2R,TD2R,2,2,T,R,COR,True,True,True,5.0432515356605325,11.477666666666664,9.874333333333368
1CBW,KI15D,KI15D,15,15,K,D,COR,True,True,True,5.214869954462133,5.168000000000006,4.768999999999892
1R0R,YI15T,YI20T,15,20,Y,T,COR,False,True,True,5.398092959352779,6.990333333333524,6.847666666666555
1R0R,AI10R,AI15R,10,15,A,R,COR,False,True,True,5.4532450200077225,16.960666666666725,17.939333333333252
1R0R,YI15N,YI20N,15,20,Y,N,COR,False,True,True,5.538009741033495,4.022000000000162,4.831666666666706
1R0R,YI15D,YI20D,15,20,Y,D,COR,False,True,True,5.544393122784392,5.017999999999915,5.307333333333304
1CHO,TI14E,TI17E,14,17,T,E,COR,True,True,True,5.581588685656991,5.832333333333281,5.295666666666762
3SGB,LI12D,LI18D,12,18,L,D,COR,False,True,True,5.589492221697045,10.482999999999947,10.514666666666699
1PPF,LI18K,LI18K,18,18,L,K,COR,False,True,True,5.6133815725077145,18.316999999999894,16.96033333333321
1VFB,LA46D,LA46D,46,46,L,D,INT,False,True,True,5.627986761727131,0.7333333333333485,0.2646666666666988
3HFM,NL31E,NL31E,31,31,N,E,COR,True,True,True,5.706782717820186,5.213333333333367,3.951333333333423
3HFM,KY97A,KY97A,97,97,K,A,COR,True,False,True,5.860804469638024,0.9313333333333276,-0.7259999999999991
3EQY,WC7A,WC7A,7,7,W,A,COR,False,False,False,6.04310083407164,11.468333333333334,12.94433333333339
3SGB,LI12E,LI18E,12,18,L,E,COR,False,True,True,6.088971650917396,8.433333333333508,8.11866666666674
1CHO,YI17D,YI20D,17,20,Y,D,COR,False,True,True,6.117526638041274,1.62600000000009,2.6513333333331275
1PPF,YI20D,YI20D,20,20,Y,D,COR,False,True,True,6.3298651507605594,5.215333333333206,5.819666666666876
1R0R,YI15P,YI20P,15,20,Y,P,COR,False,False,False,6.561500778538386,18.14966666666669,20.76233333333323
1CHO,LI15E,LI18E,15,18,L,E,COR,False,True,True,6.661814418820271,8.582333333333395,9.716333333333523
1CHO,TI14D,TI17D,14,17,T,D,COR,True,True,True,6.725597772275378,6.04300000000012,6.374666666666826
3HFM,KY96M,KY96M,96,96,K,M,SUP,True,False,True,6.77625003084888,1.1593333333332794,0.5303333333333171
1PPF,LI18E,LI18E,18,18,L,E,COR,False,True,True,6.964788369997025,10.887333333333345,9.67799999999977
1PPF,LI18R,LI18R,18,18,L,R,COR,False,True,True,7.084205005058746,18.696666666666715,19.109333333333325
1PPF,LI18D,LI18D,18,18,L,D,COR,False,True,True,7.507160885441605,12.689999999999827,11.572666666666464
3SGB,LI12P,LI18P,12,18,L,P,COR,False,False,False,8.327893108399582,12.41133333333346,12.49766666666676
