pair,d,lj_atr,lj_rep,fa_atr,fa_rep,total
CH3:CH3,2.92,-0.064,3.0383615559214516,-0.064,1.8810496392709706,1.8170496392709705
CH3:CH3,2.9815384615384617,-0.064,2.2749913707316445,-0.064,1.408447157619961,1.344447157619961
CH3:CH3,3.043076923076923,-0.064,1.7033359212502712,-0.064,1.054535268846043,0.9905352688460429
CH3:CH3,3.1046153846153848,-0.064,1.2740950146285006,-0.064,0.7887922235565047,0.7247922235565047
CH3:CH3,3.166153846153846,-0.064,0.9511165179956711,-0.064,0.5888362362911199,0.5248362362911199
CH3:CH3,3.227692307692308,-0.064,0.7077482972280627,-0.064,0.43816697081389355,0.37416697081389355
CH3:CH3,3.289230769230769,-0.064,0.5242429787601319,-0.064,0.32455882815039766,0.26055882815039766
CH3:CH3,3.350769230769231,-0.064,0.38589995592862364,-0.064,0.2389106627154109,0.1749106627154109
CH3:CH3,3.4123076923076923,-0.064,0.2817271228980838,-0.064,0.1744172617862037,0.1104172617862037
CH3:CH3,3.473846153846154,-0.064,0.20347135468728123,-0.064,0.1259691156868958,0.06196911568689581
CH3:CH3,3.5353846153846153,-0.064,0.14491222725373848,-0.064,0.08971515989278948,0.025715159892789483
CH3:CH3,3.596923076923077,-0.064,0.10134477171631046,-0.064,0.0627425481695678,-0.0012574518304322019
CH3:CH3,3.6584615384615384,-0.064,0.0691987459951689,-0.064,0.042840943645609066,-0.021159056354390936
CH3:CH3,3.72,-0.064,0.045757034335133895,-0.064,0.028328179956881392,-0.03567182004311861
CH3:CH3,3.7815384615384615,-0.064,0.028946401751931083,-0.064,0.017920717324620535,-0.04607928267537947
CH3:CH3,3.8430769230769233,-0.064,0.017181326304814726,-0.064,0.010636959115310797,-0.053363040884689204
CH3:CH3,3.9046153846153846,-0.064,0.009246955318999231,-0.064,0.005724790037992424,-0.05827520996200758
CH3:CH3,3.9661538461538464,-0.064,0.004211033148489918,-0.064,0.002607050622230108,-0.061392949377769894
CH3:CH3,4.027692307692308,-0.064,0.0013573774558625212,-0.064,0.0008403523829244869,-0.06315964761707552
CH3:CH3,4.0892307692307694,-0.064,0.00013545083071384023,-0.064,8.385760929493848e-05,-0.06391614239070506
CH3:CH3,4.150769230769231,-0.06387799662732982,0.0,-0.06387799662732982,0.0,-0.06387799662732982
CH3:CH3,4.212307692307693,-0.06300819675315775,0.0,-0.06300819675315775,0.0,-0.06300819675315775
CH3:CH3,4.273846153846154,-0.06150476522667293,0.0,-0.06150476522667293,0.0,-0.06150476522667293
CH3:CH3,4.335384615384616,-0.059558895490998284,0.0,-0.059558895490998284,0.0,-0.059558895490998284
CH3:CH3,4.396923076923077,-0.05731658985917047,0.0,-0.05731658985917047,0.0,-0.05731658985917047
CH3:CH3,4.458461538461538,-0.05488886559824574,0.0,-0.05488886559824574,0.0,-0.05488886559824574
CH3:CH3,4.5200000000000005,-0.052356021362151894,0.0,-0.052356021362151894,0.0,-0.052356021362151894
CH3:CH3,4.581538461538462,-0.0497216584729101,0.0,-0.0497216584729101,0.0,-0.0497216584729101
CH3:CH3,4.643076923076923,-0.046991766045800576,0.0,-0.046991766045800576,0.0,-0.046991766045800576
CH3:CH3,4.704615384615385,-0.04418474094381608,0.0,-0.04418474094381608,0.0,-0.04418474094381608
CH3:CH3,4.766153846153847,-0.04131898002994827,0.0,-0.04131898002994827,0.0,-0.04131898002994827
CH3:CH3,4.827692307692308,-0.0384128801671908,0.0,-0.0384128801671908,0.0,-0.0384128801671908
CH3:CH3,4.889230769230769,-0.03548483821853243,0.0,-0.03548483821853243,0.0,-0.03548483821853243
CH3:CH3,4.950769230769231,-0.03255325104696616,0.0,-0.03255325104696616,0.0,-0.03255325104696616
CH3:CH3,5.012307692307693,-0.029636515515483408,0.0,-0.029636515515483408,0.0,-0.029636515515483408
CH3:CH3,5.073846153846154,-0.026753028487076946,0.0,-0.026753028487076946,0.0,-0.026753028487076946
CH3:CH3,5.135384615384616,-0.02392118682473754,0.0,-0.02392118682473754,0.0,-0.02392118682473754
CH3:CH3,5.196923076923078,-0.02115938739145795,0.0,-0.02115938739145795,0.0,-0.02115938739145795
CH3:CH3,5.258461538461539,-0.01848602705022806,0.0,-0.01848602705022806,0.0,-0.01848602705022806
CH3:CH3,5.32,-0.015919502664041296,0.0,-0.015919502664041296,0.0,-0.015919502664041296
CH3:CH2,2.87,-0.064,3.2567156507431454,-0.064,2.0162326593750812,1.9522326593750812
CH3:CH2,2.931538461538462,-0.064,2.429556654385718,-0.064,1.504138524730198,1.4401385247301979
CH3:CH2,2.993076923076923,-0.064,1.8127623129951047,-0.064,1.1222811479752692,1.0582811479752692
CH3:CH2,3.054615384615385,-0.064,1.3515033814823256,-0.064,0.8367157434757078,0.7727157434757077
CH3:CH2,3.1161538461538463,-0.064,1.005774696459462,-0.064,0.6226751145780529,0.5586751145780529
CH3:CH2,3.177692307692308,-0.064,0.7462255130363507,-0.064,0.4619882151208047,0.3979882151208047
CH3:CH2,3.2392307692307694,-0.064,0.5512095976637157,-0.064,0.34125386191360635,0.27725386191360635
CH3:CH2,3.300769230769231,-0.064,0.4046845412019545,-0.064,0.25054019945813005,0.18654019945813005
CH3:CH2,3.3623076923076924,-0.064,0.294706422479226,-0.064,0.18245274615688883,0.11845274615688883
CH3:CH2,3.423846153846154,-0.064,0.21234462131676718,-0.064,0.13146255505721055,0.06746255505721055
CH3:CH2,3.4853846153846155,-0.064,0.1508950280232832,-0.064,0.09341911184921463,0.029419111849214627
CH3:CH2,3.5469230769230773,-0.064,0.10530647299848545,-0.064,0.06519523743336234,0.001195237433362334
CH3:CH2,3.6084615384615386,-0.064,0.07176040561267555,-0.064,0.04442686711480743,-0.019573132885192572
CH3:CH2,3.6700000000000004,-0.064,0.04736133756436406,-0.064,0.029321404086097787,-0.03467859591390221
CH3:CH2,3.7315384615384617,-0.064,0.0299077749189402,-0.064,0.018515903452315876,-0.04548409654768412
CH3:CH2,3.7930769230769235,-0.064,0.01772194046212508,-0.064,0.010971653340101637,-0.05302834665989836
CH3:CH2,3.8546153846153848,-0.064,0.009522650097250146,-0.064,0.005895472675207565,-0.05810452732479244
CH3:CH2,3.9161538461538465,-0.064,0.0043300160655886655,-0.064,0.0026807129462059426,-0.06131928705379406
CH3:CH2,3.9776923076923083,-0.064,0.001393729712279676,-0.064,0.0008628580648723474,-0.06313714193512765
CH3:CH2,4.03923076923077,-0.064,0.0001388897138228512,-0.064,8.598662182772718e-05,-0.06391401337817228
CH3:CH2,4.100769230769231,-0.06387505975916608,0.0,-0.06387505975916608,0.0,-0.06387505975916608
CH3:CH2,4.162307692307692,-0.062985556118238,0.0,-0.062985556118238,0.0,-0.062985556118238
CH3:CH2,4.2238461538461545,-0.06145073954140465,0.0,-0.06145073954140465,0.0,-0.06145073954140465
CH3:CH2,4.285384615384616,-0.0594676770275769,0.0,-0.0594676770275769,0.0,-0.0594676770275769
CH3:CH2,4.346923076923077,-0.05718634169228071,0.0,-0.05718634169228071,0.0,-0.05718634169228071
CH3:CH2,4.408461538461539,-0.054720362334013076,0.0,-0.054720362334013076,0.0,-0.054720362334013076
CH3:CH2,4.470000000000001,-0.0521553079207599,0.0,-0.0521553079207599,0.0,-0.0521553079207599
CH3:CH2,4.531538461538462,-0.0495442148766716,0.0,-0.0495442148766716,0.0,-0.0495442148766716
CH3:CH2,4.593076923076923,-0.04686297215459434,0.0,-0.04686297215459434,0.0,-0.04686297215459434
CH3:CH2,4.654615384615385,-0.044118860299881435,0.0,-0.044118860299881435,0.0,-0.044118860299881435
CH3:CH2,4.716153846153847,-0.04132776880745048,0.0,-0.04132776880745048,0.0,-0.04132776880745048
CH3:CH2,4.777692307692308,-0.03850558717221175,0.0,-0.03850558717221175,0.0,-0.03850558717221175
CH3:CH2,4.8392307692307694,-0.03566820488908107,0.0,-0.03566820488908107,0.0,-0.03566820488908107
CH3:CH2,4.900769230769232,-0.03283151145297136,0.0,-0.03283151145297136,0.0,-0.03283151145297136
CH3:CH2,4.962307692307693,-0.03001139635879624,0.0,-0.03001139635879624,0.0,-0.03001139635879624
CH3:CH2,5.023846153846154,-0.027223749101469297,0.0,-0.027223749101469297,0.0,-0.027223749101469297
CH3:CH2,5.085384615384616,-0.024484459175904583,0.0,-0.024484459175904583,0.0,-0.024484459175904583
CH3:CH2,5.146923076923077,-0.02180941607701592,0.0,-0.02180941607701592,0.0,-0.02180941607701592
CH3:CH2,5.208461538461539,-0.019214509299715576,0.0,-0.019214509299715576,0.0,-0.019214509299715576
CH3:CH2,5.2700000000000005,-0.01671562833891893,0.0,-0.01671562833891893,0.0,-0.01671562833891893
CH3:CH1,2.87,-0.06299206299209449,3.2054255846711275,-0.06299206299209449,1.984478979469895,1.9214869164778003
CH3:CH1,2.931538461538462,-0.06299206299209449,2.391293528373867,-0.06299206299209449,1.480449823416261,1.4174577604241665
CH3:CH1,2.993076923076923,-0.06299206299209449,1.7842130907794145,-0.06299206299209449,1.1046063245015354,1.0416142615094408
CH3:CH1,3.054615384615385,-0.06299206299209449,1.3302185334431775,-0.06299206299209449,0.8235382940546712,0.7605462310625767
CH3:CH1,3.1161538461538463,-0.06299206299209449,0.9899347349254551,-0.06299206299209449,0.6128685943923493,0.5498765314002548
CH3:CH1,3.177692307692308,-0.06299206299209449,0.7344731956795909,-0.06299206299209449,0.4547123554452347,0.3917202924531402
CH3:CH1,3.2392307692307694,-0.06299206299209449,0.5425285890293724,-0.06299206299209449,0.33587944946808446,0.27288738647599
CH3:CH1,3.300769230769231,-0.06299206299209449,0.3983111579893808,-0.06299206299209449,0.24659443791122565,0.18360237491913117
CH3:CH1,3.3623076923076924,-0.06299206299209449,0.29006508639040957,-0.06299206299209449,0.17957929498430256,0.11658723199220807
CH3:CH1,3.423846153846154,-0.06299206299209449,0.209000402531535,-0.06299206299209449,0.12939214920727332,0.06640008621517883
CH3:CH1,3.4853846153846155,-0.06299206299209449,0.14851857985057054,-0.06299206299209449,0.09194785278548823,0.028955789793393735
CH3:CH1,3.5469230769230773,-0.06299206299209449,0.10364799969681078,-0.06299206299209449,0.06416847661229555,0.0011764136202010583
CH3:CH1,3.6084615384615386,-0.06299206299209449,0.07063024985456103,-0.06299206299209449,0.04372718768495873,-0.019264875307135762
CH3:CH1,3.6700000000000004,-0.06299206299209449,0.0466154431131917,-0.06299206299209449,0.02885962083137698,-0.03413244216071751
CH3:CH1,3.7315384615384617,-0.06299206299209449,0.029436756900738506,-0.06299206299209449,0.01822429619724721,-0.044767766794847286
CH3:CH1,3.7930769230769235,-0.06299206299209449,0.017442837342692655,-0.06299206299209449,0.010798860598861022,-0.05219320239323347
CH3:CH1,3.8546153846153848,-0.06299206299209449,0.00937267773090085,-0.06299206299209449,0.005802624783200716,-0.05718943820889377
CH3:CH1,3.9161538461538465,-0.06299206299209449,0.004261822574380333,-0.06299206299209449,0.0026384943557988642,-0.060353568636295624
CH3:CH1,3.9776923076923083,-0.06299206299209449,0.0013717798410917553,-0.06299206299209449,0.0008492688996199057,-0.062142794092474585
CH3:CH1,4.03923076923077,-0.06299206299209449,0.00013670233753254601,-0.06299206299209449,8.463241716639923e-05,-0.06290743057492809
CH3:CH1,4.100769230769231,-0.06286909043708111,0.0,-0.06286909043708111,0.0,-0.06286909043708111
CH3:CH1,4.162307692307692,-0.061993595603002355,0.0,-0.061993595603002355,0.0,-0.061993595603002355
CH3:CH1,4.2238461538461545,-0.060482950876608654,0.0,-0.060482950876608654,0.0,-0.060482950876608654
CH3:CH1,4.285384615384616,-0.058531119645541495,0.0,-0.058531119645541495,0.0,-0.058531119645541495
CH3:CH1,4.346923076923077,-0.05628571309636853,0.0,-0.05628571309636853,0.0,-0.05628571309636853
CH3:CH1,4.408461538461539,-0.053858570485849785,0.0,-0.053858570485849785,0.0,-0.053858570485849785
CH3:CH1,4.470000000000001,-0.05133391315494676,0.0,-0.05133391315494676,0.0,-0.05133391315494676
CH3:CH1,4.531538461538462,-0.04876394225633107,0.0,-0.04876394225633107,0.0,-0.04876394225633107
CH3:CH1,4.593076923076923,-0.04612492646810851,0.0,-0.04612492646810851,0.0,-0.04612492646810851
CH3:CH1,4.654615384615385,-0.043424031674211605,0.0,-0.043424031674211605,0.0,-0.043424031674211605
CH3:CH1,4.716153846153847,-0.04067689712565059,0.0,-0.04067689712565059,0.0,-0.04067689712565059
CH3:CH1,4.777692307692308,-0.03789916207343014,0.0,-0.03789916207343014,0.0,-0.03789916207343014
CH3:CH1,4.8392307692307694,-0.03510646576856158,0.0,-0.03510646576856158,0.0,-0.03510646576856158
CH3:CH1,4.900769230769232,-0.032314447462051143,0.0,-0.032314447462051143,0.0,-0.032314447462051143
CH3:CH1,4.962307692307693,-0.029538746404905725,0.0,-0.029538746404905725,0.0,-0.029538746404905725
CH3:CH1,5.023846153846154,-0.026795001848136435,0.0,-0.026795001848136435,0.0,-0.026795001848136435
CH3:CH1,5.085384615384616,-0.02409885304274928,0.0,-0.02409885304274928,0.0,-0.02409885304274928
CH3:CH1,5.146923076923077,-0.021465939239752485,0.0,-0.021465939239752485,0.0,-0.021465939239752485
CH3:CH1,5.208461538461539,-0.018911899690154055,0.0,-0.018911899690154055,0.0,-0.018911899690154055
CH3:CH1,5.2700000000000005,-0.016452373644963103,0.0,-0.016452373644963103,0.0,-0.016452373644963103
CH3:OCbb,2.4005799999999997,-0.09547087514001325,10.296606281462024,-0.09547087514001325,6.374628948853139,6.279158073713125
CH3:OCbb,2.4621184615384615,-0.09547087514001325,7.361292853963579,-0.09547087514001325,4.557376405888851,4.461905530748838
CH3:OCbb,2.523656923076923,-0.09547087514001325,5.2766685869666485,-0.09547087514001325,3.2667855221910522,3.171314647051039
CH3:OCbb,2.5851953846153846,-0.09547087514001325,3.788262472953708,-0.09547087514001325,2.3453132970056405,2.2498424218656274
CH3:OCbb,2.646733846153846,-0.09547087514001325,2.720681712577083,-0.09547087514001325,1.684374048256472,1.5889031731164587
CH3:OCbb,2.7082723076923076,-0.09547087514001325,1.9520635377979307,-0.09547087514001325,1.2085225362506988,1.1130516611106855
CH3:OCbb,2.769810769230769,-0.09547087514001325,1.3970978048291738,-0.09547087514001325,0.8649432509697415,0.7694723758297282
CH3:OCbb,2.8313492307692307,-0.09547087514001325,0.9956403715891098,-0.09547087514001325,0.6164009540508179,0.5209300789108046
CH3:OCbb,2.892887692307692,-0.09547087514001325,0.7050089045416842,-0.09547087514001325,0.43647101280175665,0.3410001376617434
CH3:OCbb,2.954426153846154,-0.09547087514001325,0.4947266243107736,-0.09547087514001325,0.3062852531107999,0.21081437797078667
CH3:OCbb,3.015964615384615,-0.09547087514001325,0.34290769642515334,-0.09547087514001325,0.21229415485681244,0.11682327971679919
CH3:OCbb,3.077503076923077,-0.09547087514001325,0.2337527934528959,-0.09547087514001325,0.14471635442668784,0.049245479286674596
CH3:OCbb,3.139041538461538,-0.09547087514001325,0.1558014244455957,-0.09547087514001325,0.0964566618742683,0.000985786734255048
CH3:OCbb,3.20058,-0.09547087514001325,0.1007040628802517,-0.09547087514001325,0.062345885329163825,-0.03312498981084942
CH3:OCbb,3.2621184615384613,-0.09547087514001325,0.0623539038530075,-0.09547087514001325,0.03860330187539694,-0.056867573264616306
CH3:OCbb,3.323656923076923,-0.09547087514001325,0.03626916110760291,-0.09547087514001325,0.02245423764171696,-0.07301663749829629
CH3:OCbb,3.3851953846153844,-0.09547087514001325,0.01915105990781922,-0.09547087514001325,0.011856421188930879,-0.08361445395108237
CH3:OCbb,3.446733846153846,-0.09547087514001325,0.00856581693153187,-0.09547087514001325,0.005303097262311381,-0.09016777787770186
CH3:OCbb,3.508272307692308,-0.09547087514001325,0.0027146426093360015,-0.09547087514001325,0.0016806352394399186,-0.09379023990057334
CH3:OCbb,3.5698107692307692,-0.09547087514001325,0.00026659127836207996,-0.09547087514001325,0.0001650466604339637,-0.09530582847957929
CH3:OCbb,3.6313492307692306,-0.09523434602801904,0.0,-0.09523434602801904,0.0,-0.09523434602801904
CH3:OCbb,3.6928876923076923,-0.09357521562497181,0.0,-0.09357521562497181,0.0,-0.09357521562497181
CH3:OCbb,3.754426153846154,-0.09076521713775482,0.0,-0.09076521713775482,0.0,-0.09076521713775482
CH3:OCbb,3.8159646153846154,-0.08720086739619662,0.0,-0.08720086739619662,0.0,-0.08720086739619662
CH3:OCbb,3.8775030769230767,-0.08317295313252732,0.0,-0.08317295313252732,0.0,-0.08317295313252732
CH3:OCbb,3.9390415384615385,-0.07889335943990469,0.0,-0.07889335943990469,0.0,-0.07889335943990469
CH3:OCbb,4.00058,-0.0745150751436735,0.0,-0.0745150751436735,0.0,-0.0745150751436735
CH3:OCbb,4.062118461538462,-0.07014714625503486,0.0,-0.07014714625503486,0.0,-0.07014714625503486
CH3:OCbb,4.123656923076923,-0.06586587608703226,0.0,-0.06586587608703226,0.0,-0.06586587608703226
CH3:OCbb,4.185195384615385,-0.06172322796453854,0.0,-0.06172322796453854,0.0,-0.06172322796453854
CH3:OCbb,4.246733846153846,-0.05775313691729768,0.0,-0.05775313691729768,0.0,-0.05775313691729768
CH3:OCbb,4.308272307692308,-0.05397625423340488,0.0,-0.05397625423340488,0.0,-0.05397625423340488
CH3:OCbb,4.369810769230769,-0.05040351471958383,0.0,-0.05040351471958383,0.0,-0.05040351471958383
CH3:OCbb,4.43134923076923,-0.04703881770267547,0.0,-0.04703881770267547,0.0,-0.04703881770267547
CH3:OCbb,4.492887692307693,-0.04388103968871497,0.0,-0.04388103968871497,0.0,-0.04388103968871497
CH3:OCbb,4.554426153846154,-0.04087073652700468,0.0,-0.04087073652700468,0.0,-0.04087073652700468
CH3:OCbb,4.615964615384616,-0.037924232293497395,0.0,-0.037924232293497395,0.0,-0.037924232293497395
CH3:OCbb,4.677503076923077,-0.03504601071316105,0.0,-0.03504601071316105,0.0,-0.03504601071316105
CH3:OCbb,4.739041538461539,-0.03224151853908935,0.0,-0.03224151853908935,0.0,-0.03224151853908935
CH3:OCbb,4.80058,-0.02951620252437659,0.0,-0.02951620252437659,0.0,-0.02951620252437659
